scenario,environment,option,provider,lifecycle,category,item,quantity,unit,rate_usd,cost_usd,included_in_gross_total,assumption
uat_low,uat,ec2_rds,AWS,active,edge,CloudFront Asia viewer data,1,GB,0.12,0.120000,yes,All viewer bytes use the Asia first-tier gross rate.
uat_low,uat,ec2_rds,AWS,active,edge,CloudFront HTTPS requests,100000,request,0.0000012,0.120000,yes,Gross marginal price; no allowance deducted.
uat_low,uat,ec2_rds,AWS,active,edge,CloudFront viewer function,100000,request,0.0000001,0.010000,yes,Gross marginal price; no allowance deducted.
uat_low,uat,ec2_rds,AWS,active,edge,CloudFront invalidation paths,10,path,0.005,0.050000,yes,Publish and revocation sensitivity; gross marginal price before the monthly 1000-path allowance.
uat_low,uat,ec2_rds,AWS,active,storage,Private media S3 storage,1,GB-month,0.025,0.025000,yes,S3 remains private and is reached only by Go in the same Region.
uat_low,uat,ec2_rds,AWS,active,storage,S3 read requests,1000,request,0.0000004,0.000400,yes,"Request count is a workload input, not derived from HTTP requests."
uat_low,uat,ec2_rds,AWS,active,storage,S3 write and list requests,100,request,0.000005,0.000500,yes,"Request count is a workload input, not derived from HTTP requests."
uat_low,uat,ec2_rds,AWS,active,observability,CloudWatch custom metrics,4.931506849315068493150684932,metric-month,0.30,1.479452,yes,Counts include the Phase 10 alarm inventory and standard ECS Container Insights estimate.
uat_low,uat,ec2_rds,AWS,active,observability,CloudWatch standard alarms,1.775342465753424657534246575,alarm-month,0.10,0.177534,yes,Counts include the Phase 10 alarm inventory and standard ECS Container Insights estimate.
uat_low,uat,ec2_rds,AWS,active,observability,CloudWatch dashboard,0.09863013698630136986301369863,dashboard-month,3.00,0.295890,yes,Counts include the Phase 10 alarm inventory and standard ECS Container Insights estimate.
uat_low,uat,ec2_rds,AWS,active,observability,CloudWatch log ingestion,0.5,GB,0.70,0.350000,yes,Counts include the Phase 10 alarm inventory and standard ECS Container Insights estimate.
uat_low,uat,ec2_rds,AWS,active,observability,CloudWatch API requests,100,request,0.00001,0.001000,yes,Counts include the Phase 10 alarm inventory and standard ECS Container Insights estimate.
uat_low,uat,ec2_rds,AWS,active,observability,CloudWatch Logs Insights scans,1,GB,0.007,0.007000,yes,Counts include the Phase 10 alarm inventory and standard ECS Container Insights estimate.
uat_low,uat,ec2_rds,AWS,retained,mail,Shared SES custom metrics,7.690410958904109589041095893,metric-month,0.30,2.307123,yes,Assumed existing shared-email inventory allocated across the UAT active-plus-retained horizon or one production month; verify during stack adoption.
uat_low,uat,ec2_rds,AWS,retained,mail,Shared SES standard alarms,7.690410958904109589041095893,alarm-month,0.10,0.769041,yes,Assumed existing shared-email inventory allocated across the UAT active-plus-retained horizon or one production month; verify during stack adoption.
uat_low,uat,ec2_rds,AWS,retained,observability,CloudWatch 180-day log storage,3.0,GB-month,0.03,0.090000,yes,UAT prices the full six-month retention liability for its run logs; production is steady-state at six monthly cohorts.
uat_low,uat,ec2_rds,AWS,sensitivity,observability,UAT retained-log monthly run rate,0.5,GB-month,0.03,0.015000,no,One month of the six-month liability; excluded because the full liability is already included.
uat_low,uat,ec2_rds,AWS,active,observability,Default CloudFront metrics in us-east-1,0.09863013698630136986301369863,distribution-month,0,0.000000,yes,The 5xx alarm uses the standard metric; no additional CloudFront metrics are enabled.
uat_low,uat,ec2_rds,AWS,active,observability,Additional CloudFront metrics in us-east-1,0.00000000000000000000000000000,metric-month,0.30,0.000000,yes,Zero in the current plan; use the catalog rate if Task 10.9 enables any of the eight optional metrics.
uat_low,uat,ec2_rds,AWS,active,jobs,Seven EventBridge Scheduler schedules,166,invocation,0.00000125,0.000208,yes,"Two hourly, one weekly, three daily including restore, and one every six hours."
uat_low,uat,ec2_rds,AWS,active,network,EC2-to-RDS cross-AZ transfer,0.1,GB,0.01,0.001000,yes,Aggregate bidirectional bytes; zero if Task 10 pins the active DB and host to the same AZ.
uat_low,uat,ec2_rds,AWS,active,network,Non-CloudFront internet transfer out,0.1,GB,0.12,0.012000,yes,Explicit host/control-plane sensitivity; viewer traffic remains on CloudFront.
uat_low,uat,ec2_rds,AWS,active,mail,SES recipients,100,recipient,0.0001,0.010000,yes,The existing shared-email stack is adopted and persists outside UAT state.
uat_low,uat,ec2_rds,AWS,active,mail,SNS alarm and feedback requests,10,request,0.0000005,0.000005,yes,The existing shared-email stack is adopted and persists outside UAT state.
uat_low,uat,ec2_rds,AWS,active,mail,SNS alarm email deliveries,5,notification,0.00002,0.000100,yes,The existing shared-email stack is adopted and persists outside UAT state.
uat_low,uat,ec2_rds,AWS,active,mail,SNS feedback delivery to SQS,5,notification,0,0.000000,yes,The existing shared-email stack is adopted and persists outside UAT state.
uat_low,uat,ec2_rds,AWS,active,mail,SQS feedback queue requests,15,request,0.0000004,0.000006,yes,The existing shared-email stack is adopted and persists outside UAT state.
uat_low,uat,ec2_rds,AWS,active,mail,SQS empty feedback polls,0,request,0.0000004,0.000000,yes,The existing shared-email stack is adopted and persists outside UAT state.
uat_low,uat,ec2_rds,AWS,retained,security,Customer-managed KMS keys during active period,0.1972602739726027397260273973,key-month,1.00,0.197260,yes,One state key plus one retained secrets key per created environment.
uat_low,uat,ec2_rds,AWS,retained,security,Customer-managed KMS keys after UAT destroy,2,key-month,1.00,2.000000,yes,Bootstrap keys persist after synthetic UAT state is destroyed.
uat_low,uat,ec2_rds,AWS,retained,security,Rotated KMS key material,0,key-version-month,1.00,0.000000,yes,Zero for fresh Phase 10 keys; first and second future rotations add one billable version per retained key.
uat_low,uat,ec2_rds,AWS,active,security,KMS requests,720,request,0.000003,0.002160,yes,Placeholder request count; verify from the UAT bill.
uat_low,uat,ec2_rds,AWS,retained,registry-and-state,Shared ECR image storage,4.394520547945205479452054796,GB-month,0.10,0.439452,yes,Peak storage is charged across the UAT active-plus-retained horizon or one production month; the bootstrap resource persists outside disposable UAT state.
uat_low,uat,ec2_rds,AWS,retained,registry-and-state,OpenTofu state bucket storage,0.1098630136986301369863013699,GB-month,0.025,0.002747,yes,Peak storage is charged across the UAT active-plus-retained horizon or one production month; the bootstrap resource persists outside disposable UAT state.
uat_low,uat,ec2_rds,AWS,setup,registry-and-state,ECR in-Region image transfer,4,GB,0,0.000000,yes,A conservative image-volume proxy; pushes into ECR and pulls to Singapore ECS or EC2 are free.
uat_low,uat,ec2_rds,AWS,setup,registry-and-state,ECR external image pulls,0,GB,0.12,0.000000,yes,Zero baseline: native smoke uses its locally built image. Any later external pull must replace this input.
uat_low,uat,ec2_rds,GitHub,setup,build,Public image build time budget,40,minute,0,0.000000,yes,One combined public-repository build-and-smoke job budgeted at four images times the scenario minutes; standard GitHub-hosted runners are free.
uat_low,uat,ec2_rds,GitHub,setup,build,Public smoke time budget,10,minute,0,0.000000,yes,One native smoke pass within the combined public-repository build-and-smoke job; standard GitHub-hosted runners are free.
uat_low,uat,ec2_rds,GitHub,setup,build,Public Actions artifacts,0.9333333333333333333333333333,GB-month,0,0.000000,yes,"Prior artifact count, size, and retention assumptions retained in the public repository at a zero gross charge."
uat_low,uat,ec2_rds,GitHub,setup,build,Public Actions cache,5,GB-month,0,0.000000,yes,Public cache peak is at or below the separate 10 GB per-repository allowance; no paid cache extension is configured.
uat_low,uat,ec2_rds,GitHub,setup,build,Private standard ARM64 runners,40,minute,0.005,0.200000,yes,Residual private-repository gross sensitivity before shared account minute and artifact allowances; no private OCI artifact copies or cache baseline.
uat_low,uat,ec2_rds,GitHub,setup,build,Private Actions metadata artifact,0.002333333333333333333333333333,GB-month,0.25,0.000583,yes,Residual private-repository gross sensitivity before shared account minute and artifact allowances; no private OCI artifact copies or cache baseline.
uat_low,uat,ec2_rds,GitHub,conditional,approval,GitHub Enterprise Cloud user,1,user-month,21.00,21.000000,no,"Excluded unresolved purchase. Private required reviewers are unavailable on Free, Pro, and Team."
uat_low,uat,ec2_rds,AWS,active,compute,ECS EC2 Graviton host,72,instance-hour,0.0212,1.526400,yes,"t4g.small UAT or t4g.medium production, On-Demand, one host, no ALB."
uat_low,uat,ec2_rds,AWS,active,compute,EC2 surplus CPU credits,0,vCPU-hour,0.04,0.000000,yes,Stress sensitivity assumes 0.1 vCPU above the two-vCPU 20% baseline for every active hour.
uat_low,uat,ec2_rds,AWS,active,compute,EC2 root gp3 volume,2.958904109589041095890410959,GB-month,0.096,0.284055,yes,30 GB with included gp3 IOPS and throughput; no extra units.
uat_low,uat,ec2_rds,AWS,active,network,Elastic IP public IPv4,72,IP-hour,0.005,0.360000,yes,One public IPv4 address on the single origin host.
uat_low,uat,ec2_rds,AWS,active,database,RDS PostgreSQL primary instance,72,instance-hour,0.025,1.800000,yes,Single-AZ db.t4g.micro UAT or db.t4g.small production.
uat_low,uat,ec2_rds,AWS,active,database,RDS PostgreSQL gp3 storage,1.972602739726027397260273973,GB-month,0.138,0.272219,yes,20 GB UAT or 50 GB production with 30-day backup retention.
uat_low,uat,ec2_rds,AWS,active,database,RDS surplus CPU credits,0,vCPU-hour,0.075,0.000000,yes,Explicit T4g unlimited-mode sensitivity; low and expected cases use zero because hosted CPU is unknown.
uat_low,uat,ec2_rds,AWS,restore,database,Nightly RDS restore instance,3,instance-hour,0.025,0.075000,yes,Real same-class temporary restore every night; scenario duration ranges one to four hours.
uat_low,uat,ec2_rds,AWS,restore,database,Nightly RDS restore storage,0.08219178082191780821917808219,GB-month,0.138,0.011342,yes,Temporary same-size storage is prorated for restore runtime.
uat_low,uat,ec2_rds,AWS,retained,database,RDS excess backup storage,0,GB-month,0.095,0.000000,yes,Scenario sensitivity because 30-day changed-block volume is not measured.
uat_low,uat,ec2_rds,AWS,idle,sensitivity,IDLE_UAT_7_DAY_SENSITIVITY,1,total,2.137972602739726027397260274,2.137973,no,"Excluded seven-day idle infrastructure cost before retained KMS, ECR, and logs; RDS then restarts automatically."
uat_low,uat,ec2_rds,AWS,summary,summary,TOTAL_AWS,1,total,12.796894,12.796894,no,"Gross subtotal before allowances, discounts, credits, tax, and the conditional Enterprise license."
uat_low,uat,ec2_rds,GitHub,summary,summary,TOTAL_GITHUB,1,total,0.200583,0.200583,no,"Gross subtotal before allowances, discounts, credits, tax, and the conditional Enterprise license."
uat_low,uat,ec2_rds,All,summary,summary,TOTAL_GROSS,1,total,12.997477,12.997477,no,AWS plus gross GitHub usage; conditional Enterprise Cloud is excluded.
uat_low,uat,ec2_aurora,AWS,active,edge,CloudFront Asia viewer data,1,GB,0.12,0.120000,yes,All viewer bytes use the Asia first-tier gross rate.
uat_low,uat,ec2_aurora,AWS,active,edge,CloudFront HTTPS requests,100000,request,0.0000012,0.120000,yes,Gross marginal price; no allowance deducted.
uat_low,uat,ec2_aurora,AWS,active,edge,CloudFront viewer function,100000,request,0.0000001,0.010000,yes,Gross marginal price; no allowance deducted.
uat_low,uat,ec2_aurora,AWS,active,edge,CloudFront invalidation paths,10,path,0.005,0.050000,yes,Publish and revocation sensitivity; gross marginal price before the monthly 1000-path allowance.
uat_low,uat,ec2_aurora,AWS,active,storage,Private media S3 storage,1,GB-month,0.025,0.025000,yes,S3 remains private and is reached only by Go in the same Region.
uat_low,uat,ec2_aurora,AWS,active,storage,S3 read requests,1000,request,0.0000004,0.000400,yes,"Request count is a workload input, not derived from HTTP requests."
uat_low,uat,ec2_aurora,AWS,active,storage,S3 write and list requests,100,request,0.000005,0.000500,yes,"Request count is a workload input, not derived from HTTP requests."
uat_low,uat,ec2_aurora,AWS,active,observability,CloudWatch custom metrics,4.931506849315068493150684932,metric-month,0.30,1.479452,yes,Counts include the Phase 10 alarm inventory and standard ECS Container Insights estimate.
uat_low,uat,ec2_aurora,AWS,active,observability,CloudWatch standard alarms,1.775342465753424657534246575,alarm-month,0.10,0.177534,yes,Counts include the Phase 10 alarm inventory and standard ECS Container Insights estimate.
uat_low,uat,ec2_aurora,AWS,active,observability,CloudWatch dashboard,0.09863013698630136986301369863,dashboard-month,3.00,0.295890,yes,Counts include the Phase 10 alarm inventory and standard ECS Container Insights estimate.
uat_low,uat,ec2_aurora,AWS,active,observability,CloudWatch log ingestion,0.5,GB,0.70,0.350000,yes,Counts include the Phase 10 alarm inventory and standard ECS Container Insights estimate.
uat_low,uat,ec2_aurora,AWS,active,observability,CloudWatch API requests,100,request,0.00001,0.001000,yes,Counts include the Phase 10 alarm inventory and standard ECS Container Insights estimate.
uat_low,uat,ec2_aurora,AWS,active,observability,CloudWatch Logs Insights scans,1,GB,0.007,0.007000,yes,Counts include the Phase 10 alarm inventory and standard ECS Container Insights estimate.
uat_low,uat,ec2_aurora,AWS,retained,mail,Shared SES custom metrics,7.690410958904109589041095893,metric-month,0.30,2.307123,yes,Assumed existing shared-email inventory allocated across the UAT active-plus-retained horizon or one production month; verify during stack adoption.
uat_low,uat,ec2_aurora,AWS,retained,mail,Shared SES standard alarms,7.690410958904109589041095893,alarm-month,0.10,0.769041,yes,Assumed existing shared-email inventory allocated across the UAT active-plus-retained horizon or one production month; verify during stack adoption.
uat_low,uat,ec2_aurora,AWS,retained,observability,CloudWatch 180-day log storage,3.0,GB-month,0.03,0.090000,yes,UAT prices the full six-month retention liability for its run logs; production is steady-state at six monthly cohorts.
uat_low,uat,ec2_aurora,AWS,sensitivity,observability,UAT retained-log monthly run rate,0.5,GB-month,0.03,0.015000,no,One month of the six-month liability; excluded because the full liability is already included.
uat_low,uat,ec2_aurora,AWS,active,observability,Default CloudFront metrics in us-east-1,0.09863013698630136986301369863,distribution-month,0,0.000000,yes,The 5xx alarm uses the standard metric; no additional CloudFront metrics are enabled.
uat_low,uat,ec2_aurora,AWS,active,observability,Additional CloudFront metrics in us-east-1,0.00000000000000000000000000000,metric-month,0.30,0.000000,yes,Zero in the current plan; use the catalog rate if Task 10.9 enables any of the eight optional metrics.
uat_low,uat,ec2_aurora,AWS,active,jobs,Seven EventBridge Scheduler schedules,166,invocation,0.00000125,0.000208,yes,"Two hourly, one weekly, three daily including restore, and one every six hours."
uat_low,uat,ec2_aurora,AWS,active,network,EC2-to-RDS cross-AZ transfer,0.1,GB,0.01,0.001000,yes,Aggregate bidirectional bytes; zero if Task 10 pins the active DB and host to the same AZ.
uat_low,uat,ec2_aurora,AWS,active,network,Non-CloudFront internet transfer out,0.1,GB,0.12,0.012000,yes,Explicit host/control-plane sensitivity; viewer traffic remains on CloudFront.
uat_low,uat,ec2_aurora,AWS,active,mail,SES recipients,100,recipient,0.0001,0.010000,yes,The existing shared-email stack is adopted and persists outside UAT state.
uat_low,uat,ec2_aurora,AWS,active,mail,SNS alarm and feedback requests,10,request,0.0000005,0.000005,yes,The existing shared-email stack is adopted and persists outside UAT state.
uat_low,uat,ec2_aurora,AWS,active,mail,SNS alarm email deliveries,5,notification,0.00002,0.000100,yes,The existing shared-email stack is adopted and persists outside UAT state.
uat_low,uat,ec2_aurora,AWS,active,mail,SNS feedback delivery to SQS,5,notification,0,0.000000,yes,The existing shared-email stack is adopted and persists outside UAT state.
uat_low,uat,ec2_aurora,AWS,active,mail,SQS feedback queue requests,15,request,0.0000004,0.000006,yes,The existing shared-email stack is adopted and persists outside UAT state.
uat_low,uat,ec2_aurora,AWS,active,mail,SQS empty feedback polls,0,request,0.0000004,0.000000,yes,The existing shared-email stack is adopted and persists outside UAT state.
uat_low,uat,ec2_aurora,AWS,retained,security,Customer-managed KMS keys during active period,0.1972602739726027397260273973,key-month,1.00,0.197260,yes,One state key plus one retained secrets key per created environment.
uat_low,uat,ec2_aurora,AWS,retained,security,Customer-managed KMS keys after UAT destroy,2,key-month,1.00,2.000000,yes,Bootstrap keys persist after synthetic UAT state is destroyed.
uat_low,uat,ec2_aurora,AWS,retained,security,Rotated KMS key material,0,key-version-month,1.00,0.000000,yes,Zero for fresh Phase 10 keys; first and second future rotations add one billable version per retained key.
uat_low,uat,ec2_aurora,AWS,active,security,KMS requests,720,request,0.000003,0.002160,yes,Placeholder request count; verify from the UAT bill.
uat_low,uat,ec2_aurora,AWS,retained,registry-and-state,Shared ECR image storage,4.394520547945205479452054796,GB-month,0.10,0.439452,yes,Peak storage is charged across the UAT active-plus-retained horizon or one production month; the bootstrap resource persists outside disposable UAT state.
uat_low,uat,ec2_aurora,AWS,retained,registry-and-state,OpenTofu state bucket storage,0.1098630136986301369863013699,GB-month,0.025,0.002747,yes,Peak storage is charged across the UAT active-plus-retained horizon or one production month; the bootstrap resource persists outside disposable UAT state.
uat_low,uat,ec2_aurora,AWS,setup,registry-and-state,ECR in-Region image transfer,4,GB,0,0.000000,yes,A conservative image-volume proxy; pushes into ECR and pulls to Singapore ECS or EC2 are free.
uat_low,uat,ec2_aurora,AWS,setup,registry-and-state,ECR external image pulls,0,GB,0.12,0.000000,yes,Zero baseline: native smoke uses its locally built image. Any later external pull must replace this input.
uat_low,uat,ec2_aurora,GitHub,setup,build,Public image build time budget,40,minute,0,0.000000,yes,One combined public-repository build-and-smoke job budgeted at four images times the scenario minutes; standard GitHub-hosted runners are free.
uat_low,uat,ec2_aurora,GitHub,setup,build,Public smoke time budget,10,minute,0,0.000000,yes,One native smoke pass within the combined public-repository build-and-smoke job; standard GitHub-hosted runners are free.
uat_low,uat,ec2_aurora,GitHub,setup,build,Public Actions artifacts,0.9333333333333333333333333333,GB-month,0,0.000000,yes,"Prior artifact count, size, and retention assumptions retained in the public repository at a zero gross charge."
uat_low,uat,ec2_aurora,GitHub,setup,build,Public Actions cache,5,GB-month,0,0.000000,yes,Public cache peak is at or below the separate 10 GB per-repository allowance; no paid cache extension is configured.
uat_low,uat,ec2_aurora,GitHub,setup,build,Private standard ARM64 runners,40,minute,0.005,0.200000,yes,Residual private-repository gross sensitivity before shared account minute and artifact allowances; no private OCI artifact copies or cache baseline.
uat_low,uat,ec2_aurora,GitHub,setup,build,Private Actions metadata artifact,0.002333333333333333333333333333,GB-month,0.25,0.000583,yes,Residual private-repository gross sensitivity before shared account minute and artifact allowances; no private OCI artifact copies or cache baseline.
uat_low,uat,ec2_aurora,GitHub,conditional,approval,GitHub Enterprise Cloud user,1,user-month,21.00,21.000000,no,"Excluded unresolved purchase. Private required reviewers are unavailable on Free, Pro, and Team."
uat_low,uat,ec2_aurora,AWS,active,compute,ECS EC2 Graviton host,72,instance-hour,0.0212,1.526400,yes,"t4g.small UAT or t4g.medium production, On-Demand, one host, no ALB."
uat_low,uat,ec2_aurora,AWS,active,compute,EC2 surplus CPU credits,0,vCPU-hour,0.04,0.000000,yes,Stress sensitivity assumes 0.1 vCPU above the two-vCPU 20% baseline for every active hour.
uat_low,uat,ec2_aurora,AWS,active,compute,EC2 root gp3 volume,2.958904109589041095890410959,GB-month,0.096,0.284055,yes,30 GB with included gp3 IOPS and throughput; no extra units.
uat_low,uat,ec2_aurora,AWS,active,network,Elastic IP public IPv4,72,IP-hour,0.005,0.360000,yes,One public IPv4 address on the single origin host.
uat_low,uat,ec2_aurora,AWS,active,database,Aurora Serverless v2 primary capacity,36.0,ACU-hour,0.20,7.200000,yes,Average ACU is an explicit scenario input; no auto-pause assumed.
uat_low,uat,ec2_aurora,AWS,active,database,Aurora cluster storage,1.972602739726027397260273973,GB-month,0.11,0.216986,yes,Same provisioned data size as the RDS comparison.
uat_low,uat,ec2_aurora,AWS,active,database,Aurora I/O,100000,I/O,0.00000022,0.022000,yes,I/O is an explicit workload input because HTTP requests do not determine database I/O.
uat_low,uat,ec2_aurora,AWS,restore,database,Nightly Aurora restore capacity,1.5,ACU-hour,0.20,0.300000,yes,Conditional equivalent assumes 0.5 ACU for the scenario restore duration.
uat_low,uat,ec2_aurora,AWS,restore,database,Nightly Aurora restore storage,0.08219178082191780821917808219,GB-month,0.11,0.009041,yes,Temporary cluster storage is prorated for restore runtime.
uat_low,uat,ec2_aurora,AWS,retained,database,Aurora excess backup storage,0,GB-month,0.023,0.000000,yes,Scenario sensitivity because 30-day changed-block volume is not measured.
uat_low,uat,ec2_aurora,AWS,idle,sensitivity,IDLE_UAT_7_DAY_SENSITIVITY,1,total,18.80909589041095890410958904,18.809096,no,"Excluded seven-day idle infrastructure cost before retained KMS, ECR, and logs; RDS then restarts automatically."
uat_low,uat,ec2_aurora,AWS,summary,summary,TOTAL_AWS,1,total,18.386360,18.386360,no,"Gross subtotal before allowances, discounts, credits, tax, and the conditional Enterprise license."
uat_low,uat,ec2_aurora,GitHub,summary,summary,TOTAL_GITHUB,1,total,0.200583,0.200583,no,"Gross subtotal before allowances, discounts, credits, tax, and the conditional Enterprise license."
uat_low,uat,ec2_aurora,All,summary,summary,TOTAL_GROSS,1,total,18.586943,18.586943,no,AWS plus gross GitHub usage; conditional Enterprise Cloud is excluded.
uat_low,uat,fargate_rds,AWS,active,edge,CloudFront Asia viewer data,1,GB,0.12,0.120000,yes,All viewer bytes use the Asia first-tier gross rate.
uat_low,uat,fargate_rds,AWS,active,edge,CloudFront HTTPS requests,100000,request,0.0000012,0.120000,yes,Gross marginal price; no allowance deducted.
uat_low,uat,fargate_rds,AWS,active,edge,CloudFront viewer function,100000,request,0.0000001,0.010000,yes,Gross marginal price; no allowance deducted.
uat_low,uat,fargate_rds,AWS,active,edge,CloudFront invalidation paths,10,path,0.005,0.050000,yes,Publish and revocation sensitivity; gross marginal price before the monthly 1000-path allowance.
uat_low,uat,fargate_rds,AWS,active,storage,Private media S3 storage,1,GB-month,0.025,0.025000,yes,S3 remains private and is reached only by Go in the same Region.
uat_low,uat,fargate_rds,AWS,active,storage,S3 read requests,1000,request,0.0000004,0.000400,yes,"Request count is a workload input, not derived from HTTP requests."
uat_low,uat,fargate_rds,AWS,active,storage,S3 write and list requests,100,request,0.000005,0.000500,yes,"Request count is a workload input, not derived from HTTP requests."
uat_low,uat,fargate_rds,AWS,active,observability,CloudWatch custom metrics,4.931506849315068493150684932,metric-month,0.30,1.479452,yes,Counts include the Phase 10 alarm inventory and standard ECS Container Insights estimate.
uat_low,uat,fargate_rds,AWS,active,observability,CloudWatch standard alarms,1.775342465753424657534246575,alarm-month,0.10,0.177534,yes,Counts include the Phase 10 alarm inventory and standard ECS Container Insights estimate.
uat_low,uat,fargate_rds,AWS,active,observability,CloudWatch dashboard,0.09863013698630136986301369863,dashboard-month,3.00,0.295890,yes,Counts include the Phase 10 alarm inventory and standard ECS Container Insights estimate.
uat_low,uat,fargate_rds,AWS,active,observability,CloudWatch log ingestion,0.5,GB,0.70,0.350000,yes,Counts include the Phase 10 alarm inventory and standard ECS Container Insights estimate.
uat_low,uat,fargate_rds,AWS,active,observability,CloudWatch API requests,100,request,0.00001,0.001000,yes,Counts include the Phase 10 alarm inventory and standard ECS Container Insights estimate.
uat_low,uat,fargate_rds,AWS,active,observability,CloudWatch Logs Insights scans,1,GB,0.007,0.007000,yes,Counts include the Phase 10 alarm inventory and standard ECS Container Insights estimate.
uat_low,uat,fargate_rds,AWS,retained,mail,Shared SES custom metrics,7.690410958904109589041095893,metric-month,0.30,2.307123,yes,Assumed existing shared-email inventory allocated across the UAT active-plus-retained horizon or one production month; verify during stack adoption.
uat_low,uat,fargate_rds,AWS,retained,mail,Shared SES standard alarms,7.690410958904109589041095893,alarm-month,0.10,0.769041,yes,Assumed existing shared-email inventory allocated across the UAT active-plus-retained horizon or one production month; verify during stack adoption.
uat_low,uat,fargate_rds,AWS,retained,observability,CloudWatch 180-day log storage,3.0,GB-month,0.03,0.090000,yes,UAT prices the full six-month retention liability for its run logs; production is steady-state at six monthly cohorts.
uat_low,uat,fargate_rds,AWS,sensitivity,observability,UAT retained-log monthly run rate,0.5,GB-month,0.03,0.015000,no,One month of the six-month liability; excluded because the full liability is already included.
uat_low,uat,fargate_rds,AWS,active,observability,Default CloudFront metrics in us-east-1,0.09863013698630136986301369863,distribution-month,0,0.000000,yes,The 5xx alarm uses the standard metric; no additional CloudFront metrics are enabled.
uat_low,uat,fargate_rds,AWS,active,observability,Additional CloudFront metrics in us-east-1,0.00000000000000000000000000000,metric-month,0.30,0.000000,yes,Zero in the current plan; use the catalog rate if Task 10.9 enables any of the eight optional metrics.
uat_low,uat,fargate_rds,AWS,active,jobs,Seven EventBridge Scheduler schedules,166,invocation,0.00000125,0.000208,yes,"Two hourly, one weekly, three daily including restore, and one every six hours."
uat_low,uat,fargate_rds,AWS,active,network,EC2-to-RDS cross-AZ transfer,0.1,GB,0.01,0.001000,yes,Aggregate bidirectional bytes; zero if Task 10 pins the active DB and host to the same AZ.
uat_low,uat,fargate_rds,AWS,active,network,Non-CloudFront internet transfer out,0.1,GB,0.12,0.012000,yes,Explicit host/control-plane sensitivity; viewer traffic remains on CloudFront.
uat_low,uat,fargate_rds,AWS,active,mail,SES recipients,100,recipient,0.0001,0.010000,yes,The existing shared-email stack is adopted and persists outside UAT state.
uat_low,uat,fargate_rds,AWS,active,mail,SNS alarm and feedback requests,10,request,0.0000005,0.000005,yes,The existing shared-email stack is adopted and persists outside UAT state.
uat_low,uat,fargate_rds,AWS,active,mail,SNS alarm email deliveries,5,notification,0.00002,0.000100,yes,The existing shared-email stack is adopted and persists outside UAT state.
uat_low,uat,fargate_rds,AWS,active,mail,SNS feedback delivery to SQS,5,notification,0,0.000000,yes,The existing shared-email stack is adopted and persists outside UAT state.
uat_low,uat,fargate_rds,AWS,active,mail,SQS feedback queue requests,15,request,0.0000004,0.000006,yes,The existing shared-email stack is adopted and persists outside UAT state.
uat_low,uat,fargate_rds,AWS,active,mail,SQS empty feedback polls,0,request,0.0000004,0.000000,yes,The existing shared-email stack is adopted and persists outside UAT state.
uat_low,uat,fargate_rds,AWS,retained,security,Customer-managed KMS keys during active period,0.1972602739726027397260273973,key-month,1.00,0.197260,yes,One state key plus one retained secrets key per created environment.
uat_low,uat,fargate_rds,AWS,retained,security,Customer-managed KMS keys after UAT destroy,2,key-month,1.00,2.000000,yes,Bootstrap keys persist after synthetic UAT state is destroyed.
uat_low,uat,fargate_rds,AWS,retained,security,Rotated KMS key material,0,key-version-month,1.00,0.000000,yes,Zero for fresh Phase 10 keys; first and second future rotations add one billable version per retained key.
uat_low,uat,fargate_rds,AWS,active,security,KMS requests,720,request,0.000003,0.002160,yes,Placeholder request count; verify from the UAT bill.
uat_low,uat,fargate_rds,AWS,retained,registry-and-state,Shared ECR image storage,4.394520547945205479452054796,GB-month,0.10,0.439452,yes,Peak storage is charged across the UAT active-plus-retained horizon or one production month; the bootstrap resource persists outside disposable UAT state.
uat_low,uat,fargate_rds,AWS,retained,registry-and-state,OpenTofu state bucket storage,0.1098630136986301369863013699,GB-month,0.025,0.002747,yes,Peak storage is charged across the UAT active-plus-retained horizon or one production month; the bootstrap resource persists outside disposable UAT state.
uat_low,uat,fargate_rds,AWS,setup,registry-and-state,ECR in-Region image transfer,4,GB,0,0.000000,yes,A conservative image-volume proxy; pushes into ECR and pulls to Singapore ECS or EC2 are free.
uat_low,uat,fargate_rds,AWS,setup,registry-and-state,ECR external image pulls,0,GB,0.12,0.000000,yes,Zero baseline: native smoke uses its locally built image. Any later external pull must replace this input.
uat_low,uat,fargate_rds,GitHub,setup,build,Public image build time budget,40,minute,0,0.000000,yes,One combined public-repository build-and-smoke job budgeted at four images times the scenario minutes; standard GitHub-hosted runners are free.
uat_low,uat,fargate_rds,GitHub,setup,build,Public smoke time budget,10,minute,0,0.000000,yes,One native smoke pass within the combined public-repository build-and-smoke job; standard GitHub-hosted runners are free.
uat_low,uat,fargate_rds,GitHub,setup,build,Public Actions artifacts,0.9333333333333333333333333333,GB-month,0,0.000000,yes,"Prior artifact count, size, and retention assumptions retained in the public repository at a zero gross charge."
uat_low,uat,fargate_rds,GitHub,setup,build,Public Actions cache,5,GB-month,0,0.000000,yes,Public cache peak is at or below the separate 10 GB per-repository allowance; no paid cache extension is configured.
uat_low,uat,fargate_rds,GitHub,setup,build,Private standard ARM64 runners,40,minute,0.005,0.200000,yes,Residual private-repository gross sensitivity before shared account minute and artifact allowances; no private OCI artifact copies or cache baseline.
uat_low,uat,fargate_rds,GitHub,setup,build,Private Actions metadata artifact,0.002333333333333333333333333333,GB-month,0.25,0.000583,yes,Residual private-repository gross sensitivity before shared account minute and artifact allowances; no private OCI artifact copies or cache baseline.
uat_low,uat,fargate_rds,GitHub,conditional,approval,GitHub Enterprise Cloud user,1,user-month,21.00,21.000000,no,"Excluded unresolved purchase. Private required reviewers are unavailable on Free, Pro, and Team."
uat_low,uat,fargate_rds,AWS,active,compute,Fargate ARM application vCPU,54.00,vCPU-hour,0.04045,2.184300,yes,Conditional redesign estimate; not a deployable form of the accepted contract.
uat_low,uat,fargate_rds,AWS,active,compute,Fargate ARM application memory,108.0,GB-hour,0.00442,0.477360,yes,Conditional redesign estimate; not a deployable form of the accepted contract.
uat_low,uat,fargate_rds,AWS,active,network,Single-AZ NLB,72,nlb-hour,0.0252,1.814400,yes,Conditional redesign estimate; not a deployable form of the accepted contract.
uat_low,uat,fargate_rds,AWS,active,network,One NLB capacity unit,72,NLCU-hour,0.006,0.432000,yes,Conditional redesign estimate; not a deployable form of the accepted contract.
uat_low,uat,fargate_rds,AWS,active,network,Public IPv4 addresses,216,IP-hour,0.005,1.080000,yes,Conditional redesign estimate; not a deployable form of the accepted contract.
uat_low,uat,fargate_rds,AWS,active,network,Route 53 private discovery zone,1,hosted-zone-month,0.50,0.500000,yes,Conditional redesign estimate; not a deployable form of the accepted contract.
uat_low,uat,fargate_rds,AWS,active,network,Route 53 discovery queries,100000,query,0,0.000000,yes,Conditional redesign estimate; not a deployable form of the accepted contract.
uat_low,uat,fargate_rds,AWS,restore-and-jobs,jobs,Fargate scheduled-job vCPU,4.166666666666666666666666668,vCPU-hour,0.04045,0.168542,yes,Per-run duration includes the task waiting through the nightly restore; each public task uses one ephemeral public IPv4 for that duration.
uat_low,uat,fargate_rds,AWS,restore-and-jobs,jobs,Fargate scheduled-job memory,8.333333333333333333333333335,GB-hour,0.00442,0.036833,yes,Per-run duration includes the task waiting through the nightly restore; each public task uses one ephemeral public IPv4 for that duration.
uat_low,uat,fargate_rds,AWS,restore-and-jobs,jobs,Fargate scheduled-job public IPv4,16.66666666666666666666666667,IP-hour,0.005,0.083333,yes,Per-run duration includes the task waiting through the nightly restore; each public task uses one ephemeral public IPv4 for that duration.
uat_low,uat,fargate_rds,AWS,active,database,RDS PostgreSQL primary instance,72,instance-hour,0.025,1.800000,yes,Single-AZ db.t4g.micro UAT or db.t4g.small production.
uat_low,uat,fargate_rds,AWS,active,database,RDS PostgreSQL gp3 storage,1.972602739726027397260273973,GB-month,0.138,0.272219,yes,20 GB UAT or 50 GB production with 30-day backup retention.
uat_low,uat,fargate_rds,AWS,active,database,RDS surplus CPU credits,0,vCPU-hour,0.075,0.000000,yes,Explicit T4g unlimited-mode sensitivity; low and expected cases use zero because hosted CPU is unknown.
uat_low,uat,fargate_rds,AWS,restore,database,Nightly RDS restore instance,3,instance-hour,0.025,0.075000,yes,Real same-class temporary restore every night; scenario duration ranges one to four hours.
uat_low,uat,fargate_rds,AWS,restore,database,Nightly RDS restore storage,0.08219178082191780821917808219,GB-month,0.138,0.011342,yes,Temporary same-size storage is prorated for restore runtime.
uat_low,uat,fargate_rds,AWS,retained,database,RDS excess backup storage,0,GB-month,0.095,0.000000,yes,Scenario sensitivity because 30-day changed-block volume is not measured.
uat_low,uat,fargate_rds,AWS,idle,sensitivity,IDLE_UAT_7_DAY_SENSITIVITY,1,total,6.716778082191780821917808219,6.716778,no,"Excluded seven-day idle infrastructure cost before retained KMS, ECR, and logs; RDS then restarts automatically."
uat_low,uat,fargate_rds,AWS,sensitivity,network,ROUTE53_ADDITIONAL_BILLING_MONTH_SENSITIVITY,1,hosted-zone-month,0.50,0.500000,no,Excluded sensitivity for each additional Route 53 private hosted-zone billing month crossed by UAT.
uat_low,uat,fargate_rds,AWS,sensitivity,network,PRIVATE_FARGATE_NAT_SENSITIVITY,1,total,4.4899,4.489900,no,"Excluded gross NAT gateway and processing component, not a net private-topology increment; private tasks remove service and job IPs but require a NAT public IP."
uat_low,uat,fargate_rds,AWS,summary,summary,TOTAL_AWS,1,total,17.403207,17.403207,no,"Gross subtotal before allowances, discounts, credits, tax, and the conditional Enterprise license."
uat_low,uat,fargate_rds,GitHub,summary,summary,TOTAL_GITHUB,1,total,0.200583,0.200583,no,"Gross subtotal before allowances, discounts, credits, tax, and the conditional Enterprise license."
uat_low,uat,fargate_rds,All,summary,summary,TOTAL_GROSS,1,total,17.603790,17.603790,no,AWS plus gross GitHub usage; conditional Enterprise Cloud is excluded.
uat_expected,uat,ec2_rds,AWS,active,edge,CloudFront Asia viewer data,10,GB,0.12,1.200000,yes,All viewer bytes use the Asia first-tier gross rate.
uat_expected,uat,ec2_rds,AWS,active,edge,CloudFront HTTPS requests,1000000,request,0.0000012,1.200000,yes,Gross marginal price; no allowance deducted.
uat_expected,uat,ec2_rds,AWS,active,edge,CloudFront viewer function,1000000,request,0.0000001,0.100000,yes,Gross marginal price; no allowance deducted.
uat_expected,uat,ec2_rds,AWS,active,edge,CloudFront invalidation paths,100,path,0.005,0.500000,yes,Publish and revocation sensitivity; gross marginal price before the monthly 1000-path allowance.
uat_expected,uat,ec2_rds,AWS,active,storage,Private media S3 storage,5,GB-month,0.025,0.125000,yes,S3 remains private and is reached only by Go in the same Region.
uat_expected,uat,ec2_rds,AWS,active,storage,S3 read requests,10000,request,0.0000004,0.004000,yes,"Request count is a workload input, not derived from HTTP requests."
uat_expected,uat,ec2_rds,AWS,active,storage,S3 write and list requests,1000,request,0.000005,0.005000,yes,"Request count is a workload input, not derived from HTTP requests."
uat_expected,uat,ec2_rds,AWS,active,observability,CloudWatch custom metrics,23.01369863013698630136986302,metric-month,0.30,6.904110,yes,Counts include the Phase 10 alarm inventory and standard ECS Container Insights estimate.
uat_expected,uat,ec2_rds,AWS,active,observability,CloudWatch standard alarms,8.284931506849315068493150685,alarm-month,0.10,0.828493,yes,Counts include the Phase 10 alarm inventory and standard ECS Container Insights estimate.
uat_expected,uat,ec2_rds,AWS,active,observability,CloudWatch dashboard,0.4602739726027397260273972603,dashboard-month,3.00,1.380822,yes,Counts include the Phase 10 alarm inventory and standard ECS Container Insights estimate.
uat_expected,uat,ec2_rds,AWS,active,observability,CloudWatch log ingestion,2,GB,0.70,1.400000,yes,Counts include the Phase 10 alarm inventory and standard ECS Container Insights estimate.
uat_expected,uat,ec2_rds,AWS,active,observability,CloudWatch API requests,1000,request,0.00001,0.010000,yes,Counts include the Phase 10 alarm inventory and standard ECS Container Insights estimate.
uat_expected,uat,ec2_rds,AWS,active,observability,CloudWatch Logs Insights scans,10,GB,0.007,0.070000,yes,Counts include the Phase 10 alarm inventory and standard ECS Container Insights estimate.
uat_expected,uat,ec2_rds,AWS,retained,mail,Shared SES custom metrics,10.22191780821917808219178082,metric-month,0.30,3.066575,yes,Assumed existing shared-email inventory allocated across the UAT active-plus-retained horizon or one production month; verify during stack adoption.
uat_expected,uat,ec2_rds,AWS,retained,mail,Shared SES standard alarms,10.22191780821917808219178082,alarm-month,0.10,1.022192,yes,Assumed existing shared-email inventory allocated across the UAT active-plus-retained horizon or one production month; verify during stack adoption.
uat_expected,uat,ec2_rds,AWS,retained,observability,CloudWatch 180-day log storage,12,GB-month,0.03,0.360000,yes,UAT prices the full six-month retention liability for its run logs; production is steady-state at six monthly cohorts.
uat_expected,uat,ec2_rds,AWS,sensitivity,observability,UAT retained-log monthly run rate,2,GB-month,0.03,0.060000,no,One month of the six-month liability; excluded because the full liability is already included.
uat_expected,uat,ec2_rds,AWS,active,observability,Default CloudFront metrics in us-east-1,0.4602739726027397260273972603,distribution-month,0,0.000000,yes,The 5xx alarm uses the standard metric; no additional CloudFront metrics are enabled.
uat_expected,uat,ec2_rds,AWS,active,observability,Additional CloudFront metrics in us-east-1,0.0000000000000000000000000000,metric-month,0.30,0.000000,yes,Zero in the current plan; use the catalog rate if Task 10.9 enables any of the eight optional metrics.
uat_expected,uat,ec2_rds,AWS,active,jobs,Seven EventBridge Scheduler schedules,772,invocation,0.00000125,0.000965,yes,"Two hourly, one weekly, three daily including restore, and one every six hours."
uat_expected,uat,ec2_rds,AWS,active,network,EC2-to-RDS cross-AZ transfer,1,GB,0.01,0.010000,yes,Aggregate bidirectional bytes; zero if Task 10 pins the active DB and host to the same AZ.
uat_expected,uat,ec2_rds,AWS,active,network,Non-CloudFront internet transfer out,1,GB,0.12,0.120000,yes,Explicit host/control-plane sensitivity; viewer traffic remains on CloudFront.
uat_expected,uat,ec2_rds,AWS,active,mail,SES recipients,500,recipient,0.0001,0.050000,yes,The existing shared-email stack is adopted and persists outside UAT state.
uat_expected,uat,ec2_rds,AWS,active,mail,SNS alarm and feedback requests,50,request,0.0000005,0.000025,yes,The existing shared-email stack is adopted and persists outside UAT state.
uat_expected,uat,ec2_rds,AWS,active,mail,SNS alarm email deliveries,25,notification,0.00002,0.000500,yes,The existing shared-email stack is adopted and persists outside UAT state.
uat_expected,uat,ec2_rds,AWS,active,mail,SNS feedback delivery to SQS,25,notification,0,0.000000,yes,The existing shared-email stack is adopted and persists outside UAT state.
uat_expected,uat,ec2_rds,AWS,active,mail,SQS feedback queue requests,75,request,0.0000004,0.000030,yes,The existing shared-email stack is adopted and persists outside UAT state.
uat_expected,uat,ec2_rds,AWS,active,mail,SQS empty feedback polls,0,request,0.0000004,0.000000,yes,The existing shared-email stack is adopted and persists outside UAT state.
uat_expected,uat,ec2_rds,AWS,retained,security,Customer-managed KMS keys during active period,0.9205479452054794520547945206,key-month,1.00,0.920548,yes,One state key plus one retained secrets key per created environment.
uat_expected,uat,ec2_rds,AWS,retained,security,Customer-managed KMS keys after UAT destroy,2,key-month,1.00,2.000000,yes,Bootstrap keys persist after synthetic UAT state is destroyed.
uat_expected,uat,ec2_rds,AWS,retained,security,Rotated KMS key material,0,key-version-month,1.00,0.000000,yes,Zero for fresh Phase 10 keys; first and second future rotations add one billable version per retained key.
uat_expected,uat,ec2_rds,AWS,active,security,KMS requests,3360,request,0.000003,0.010080,yes,Placeholder request count; verify from the UAT bill.
uat_expected,uat,ec2_rds,AWS,retained,registry-and-state,Shared ECR image storage,8.761643835616438356164383560,GB-month,0.10,0.876164,yes,Peak storage is charged across the UAT active-plus-retained horizon or one production month; the bootstrap resource persists outside disposable UAT state.
uat_expected,uat,ec2_rds,AWS,retained,registry-and-state,OpenTofu state bucket storage,0.1460273972602739726027397260,GB-month,0.025,0.003651,yes,Peak storage is charged across the UAT active-plus-retained horizon or one production month; the bootstrap resource persists outside disposable UAT state.
uat_expected,uat,ec2_rds,AWS,setup,registry-and-state,ECR in-Region image transfer,12,GB,0,0.000000,yes,A conservative image-volume proxy; pushes into ECR and pulls to Singapore ECS or EC2 are free.
uat_expected,uat,ec2_rds,AWS,setup,registry-and-state,ECR external image pulls,0,GB,0.12,0.000000,yes,Zero baseline: native smoke uses its locally built image. Any later external pull must replace this input.
uat_expected,uat,ec2_rds,GitHub,setup,build,Public image build time budget,120,minute,0,0.000000,yes,One combined public-repository build-and-smoke job budgeted at four images times the scenario minutes; standard GitHub-hosted runners are free.
uat_expected,uat,ec2_rds,GitHub,setup,build,Public smoke time budget,30,minute,0,0.000000,yes,One native smoke pass within the combined public-repository build-and-smoke job; standard GitHub-hosted runners are free.
uat_expected,uat,ec2_rds,GitHub,setup,build,Public Actions artifacts,5.6,GB-month,0,0.000000,yes,"Prior artifact count, size, and retention assumptions retained in the public repository at a zero gross charge."
uat_expected,uat,ec2_rds,GitHub,setup,build,Public Actions cache,8,GB-month,0,0.000000,yes,Public cache peak is at or below the separate 10 GB per-repository allowance; no paid cache extension is configured.
uat_expected,uat,ec2_rds,GitHub,setup,build,Private standard ARM64 runners,120,minute,0.005,0.600000,yes,Residual private-repository gross sensitivity before shared account minute and artifact allowances; no private OCI artifact copies or cache baseline.
uat_expected,uat,ec2_rds,GitHub,setup,build,Private Actions metadata artifact,0.009333333333333333333333333333,GB-month,0.25,0.002333,yes,Residual private-repository gross sensitivity before shared account minute and artifact allowances; no private OCI artifact copies or cache baseline.
uat_expected,uat,ec2_rds,GitHub,conditional,approval,GitHub Enterprise Cloud user,1,user-month,21.00,21.000000,no,"Excluded unresolved purchase. Private required reviewers are unavailable on Free, Pro, and Team."
uat_expected,uat,ec2_rds,AWS,active,compute,ECS EC2 Graviton host,336,instance-hour,0.0212,7.123200,yes,"t4g.small UAT or t4g.medium production, On-Demand, one host, no ALB."
uat_expected,uat,ec2_rds,AWS,active,compute,EC2 surplus CPU credits,0,vCPU-hour,0.04,0.000000,yes,Stress sensitivity assumes 0.1 vCPU above the two-vCPU 20% baseline for every active hour.
uat_expected,uat,ec2_rds,AWS,active,compute,EC2 root gp3 volume,13.80821917808219178082191781,GB-month,0.096,1.325589,yes,30 GB with included gp3 IOPS and throughput; no extra units.
uat_expected,uat,ec2_rds,AWS,active,network,Elastic IP public IPv4,336,IP-hour,0.005,1.680000,yes,One public IPv4 address on the single origin host.
uat_expected,uat,ec2_rds,AWS,active,database,RDS PostgreSQL primary instance,336,instance-hour,0.025,8.400000,yes,Single-AZ db.t4g.micro UAT or db.t4g.small production.
uat_expected,uat,ec2_rds,AWS,active,database,RDS PostgreSQL gp3 storage,9.205479452054794520547945205,GB-month,0.138,1.270356,yes,20 GB UAT or 50 GB production with 30-day backup retention.
uat_expected,uat,ec2_rds,AWS,active,database,RDS surplus CPU credits,0,vCPU-hour,0.075,0.000000,yes,Explicit T4g unlimited-mode sensitivity; low and expected cases use zero because hosted CPU is unknown.
uat_expected,uat,ec2_rds,AWS,restore,database,Nightly RDS restore instance,28,instance-hour,0.025,0.700000,yes,Real same-class temporary restore every night; scenario duration ranges one to four hours.
uat_expected,uat,ec2_rds,AWS,restore,database,Nightly RDS restore storage,0.7671232876712328767123287671,GB-month,0.138,0.105863,yes,Temporary same-size storage is prorated for restore runtime.
uat_expected,uat,ec2_rds,AWS,retained,database,RDS excess backup storage,5,GB-month,0.095,0.475000,yes,Scenario sensitivity because 30-day changed-block volume is not measured.
uat_expected,uat,ec2_rds,AWS,idle,sensitivity,IDLE_UAT_7_DAY_SENSITIVITY,1,total,2.137972602739726027397260274,2.137973,no,"Excluded seven-day idle infrastructure cost before retained KMS, ECR, and logs; RDS then restarts automatically."
uat_expected,uat,ec2_rds,AWS,setup,drill,Production-shape drill increment,1,total,0.3266082191780821917808219178,0.326608,yes,"Four-hour UAT sensitivity: host class delta plus a separate temporary production-size database, deleted after the drill; no in-place storage shrink assumed."
uat_expected,uat,ec2_rds,AWS,summary,summary,TOTAL_AWS,1,total,43.574771,43.574771,no,"Gross subtotal before allowances, discounts, credits, tax, and the conditional Enterprise license."
uat_expected,uat,ec2_rds,GitHub,summary,summary,TOTAL_GITHUB,1,total,0.602333,0.602333,no,"Gross subtotal before allowances, discounts, credits, tax, and the conditional Enterprise license."
uat_expected,uat,ec2_rds,All,summary,summary,TOTAL_GROSS,1,total,44.177104,44.177104,no,AWS plus gross GitHub usage; conditional Enterprise Cloud is excluded.
uat_expected,uat,ec2_aurora,AWS,active,edge,CloudFront Asia viewer data,10,GB,0.12,1.200000,yes,All viewer bytes use the Asia first-tier gross rate.
uat_expected,uat,ec2_aurora,AWS,active,edge,CloudFront HTTPS requests,1000000,request,0.0000012,1.200000,yes,Gross marginal price; no allowance deducted.
uat_expected,uat,ec2_aurora,AWS,active,edge,CloudFront viewer function,1000000,request,0.0000001,0.100000,yes,Gross marginal price; no allowance deducted.
uat_expected,uat,ec2_aurora,AWS,active,edge,CloudFront invalidation paths,100,path,0.005,0.500000,yes,Publish and revocation sensitivity; gross marginal price before the monthly 1000-path allowance.
uat_expected,uat,ec2_aurora,AWS,active,storage,Private media S3 storage,5,GB-month,0.025,0.125000,yes,S3 remains private and is reached only by Go in the same Region.
uat_expected,uat,ec2_aurora,AWS,active,storage,S3 read requests,10000,request,0.0000004,0.004000,yes,"Request count is a workload input, not derived from HTTP requests."
uat_expected,uat,ec2_aurora,AWS,active,storage,S3 write and list requests,1000,request,0.000005,0.005000,yes,"Request count is a workload input, not derived from HTTP requests."
uat_expected,uat,ec2_aurora,AWS,active,observability,CloudWatch custom metrics,23.01369863013698630136986302,metric-month,0.30,6.904110,yes,Counts include the Phase 10 alarm inventory and standard ECS Container Insights estimate.
uat_expected,uat,ec2_aurora,AWS,active,observability,CloudWatch standard alarms,8.284931506849315068493150685,alarm-month,0.10,0.828493,yes,Counts include the Phase 10 alarm inventory and standard ECS Container Insights estimate.
uat_expected,uat,ec2_aurora,AWS,active,observability,CloudWatch dashboard,0.4602739726027397260273972603,dashboard-month,3.00,1.380822,yes,Counts include the Phase 10 alarm inventory and standard ECS Container Insights estimate.
uat_expected,uat,ec2_aurora,AWS,active,observability,CloudWatch log ingestion,2,GB,0.70,1.400000,yes,Counts include the Phase 10 alarm inventory and standard ECS Container Insights estimate.
uat_expected,uat,ec2_aurora,AWS,active,observability,CloudWatch API requests,1000,request,0.00001,0.010000,yes,Counts include the Phase 10 alarm inventory and standard ECS Container Insights estimate.
uat_expected,uat,ec2_aurora,AWS,active,observability,CloudWatch Logs Insights scans,10,GB,0.007,0.070000,yes,Counts include the Phase 10 alarm inventory and standard ECS Container Insights estimate.
uat_expected,uat,ec2_aurora,AWS,retained,mail,Shared SES custom metrics,10.22191780821917808219178082,metric-month,0.30,3.066575,yes,Assumed existing shared-email inventory allocated across the UAT active-plus-retained horizon or one production month; verify during stack adoption.
uat_expected,uat,ec2_aurora,AWS,retained,mail,Shared SES standard alarms,10.22191780821917808219178082,alarm-month,0.10,1.022192,yes,Assumed existing shared-email inventory allocated across the UAT active-plus-retained horizon or one production month; verify during stack adoption.
uat_expected,uat,ec2_aurora,AWS,retained,observability,CloudWatch 180-day log storage,12,GB-month,0.03,0.360000,yes,UAT prices the full six-month retention liability for its run logs; production is steady-state at six monthly cohorts.
uat_expected,uat,ec2_aurora,AWS,sensitivity,observability,UAT retained-log monthly run rate,2,GB-month,0.03,0.060000,no,One month of the six-month liability; excluded because the full liability is already included.
uat_expected,uat,ec2_aurora,AWS,active,observability,Default CloudFront metrics in us-east-1,0.4602739726027397260273972603,distribution-month,0,0.000000,yes,The 5xx alarm uses the standard metric; no additional CloudFront metrics are enabled.
uat_expected,uat,ec2_aurora,AWS,active,observability,Additional CloudFront metrics in us-east-1,0.0000000000000000000000000000,metric-month,0.30,0.000000,yes,Zero in the current plan; use the catalog rate if Task 10.9 enables any of the eight optional metrics.
uat_expected,uat,ec2_aurora,AWS,active,jobs,Seven EventBridge Scheduler schedules,772,invocation,0.00000125,0.000965,yes,"Two hourly, one weekly, three daily including restore, and one every six hours."
uat_expected,uat,ec2_aurora,AWS,active,network,EC2-to-RDS cross-AZ transfer,1,GB,0.01,0.010000,yes,Aggregate bidirectional bytes; zero if Task 10 pins the active DB and host to the same AZ.
uat_expected,uat,ec2_aurora,AWS,active,network,Non-CloudFront internet transfer out,1,GB,0.12,0.120000,yes,Explicit host/control-plane sensitivity; viewer traffic remains on CloudFront.
uat_expected,uat,ec2_aurora,AWS,active,mail,SES recipients,500,recipient,0.0001,0.050000,yes,The existing shared-email stack is adopted and persists outside UAT state.
uat_expected,uat,ec2_aurora,AWS,active,mail,SNS alarm and feedback requests,50,request,0.0000005,0.000025,yes,The existing shared-email stack is adopted and persists outside UAT state.
uat_expected,uat,ec2_aurora,AWS,active,mail,SNS alarm email deliveries,25,notification,0.00002,0.000500,yes,The existing shared-email stack is adopted and persists outside UAT state.
uat_expected,uat,ec2_aurora,AWS,active,mail,SNS feedback delivery to SQS,25,notification,0,0.000000,yes,The existing shared-email stack is adopted and persists outside UAT state.
uat_expected,uat,ec2_aurora,AWS,active,mail,SQS feedback queue requests,75,request,0.0000004,0.000030,yes,The existing shared-email stack is adopted and persists outside UAT state.
uat_expected,uat,ec2_aurora,AWS,active,mail,SQS empty feedback polls,0,request,0.0000004,0.000000,yes,The existing shared-email stack is adopted and persists outside UAT state.
uat_expected,uat,ec2_aurora,AWS,retained,security,Customer-managed KMS keys during active period,0.9205479452054794520547945206,key-month,1.00,0.920548,yes,One state key plus one retained secrets key per created environment.
uat_expected,uat,ec2_aurora,AWS,retained,security,Customer-managed KMS keys after UAT destroy,2,key-month,1.00,2.000000,yes,Bootstrap keys persist after synthetic UAT state is destroyed.
uat_expected,uat,ec2_aurora,AWS,retained,security,Rotated KMS key material,0,key-version-month,1.00,0.000000,yes,Zero for fresh Phase 10 keys; first and second future rotations add one billable version per retained key.
uat_expected,uat,ec2_aurora,AWS,active,security,KMS requests,3360,request,0.000003,0.010080,yes,Placeholder request count; verify from the UAT bill.
uat_expected,uat,ec2_aurora,AWS,retained,registry-and-state,Shared ECR image storage,8.761643835616438356164383560,GB-month,0.10,0.876164,yes,Peak storage is charged across the UAT active-plus-retained horizon or one production month; the bootstrap resource persists outside disposable UAT state.
uat_expected,uat,ec2_aurora,AWS,retained,registry-and-state,OpenTofu state bucket storage,0.1460273972602739726027397260,GB-month,0.025,0.003651,yes,Peak storage is charged across the UAT active-plus-retained horizon or one production month; the bootstrap resource persists outside disposable UAT state.
uat_expected,uat,ec2_aurora,AWS,setup,registry-and-state,ECR in-Region image transfer,12,GB,0,0.000000,yes,A conservative image-volume proxy; pushes into ECR and pulls to Singapore ECS or EC2 are free.
uat_expected,uat,ec2_aurora,AWS,setup,registry-and-state,ECR external image pulls,0,GB,0.12,0.000000,yes,Zero baseline: native smoke uses its locally built image. Any later external pull must replace this input.
uat_expected,uat,ec2_aurora,GitHub,setup,build,Public image build time budget,120,minute,0,0.000000,yes,One combined public-repository build-and-smoke job budgeted at four images times the scenario minutes; standard GitHub-hosted runners are free.
uat_expected,uat,ec2_aurora,GitHub,setup,build,Public smoke time budget,30,minute,0,0.000000,yes,One native smoke pass within the combined public-repository build-and-smoke job; standard GitHub-hosted runners are free.
uat_expected,uat,ec2_aurora,GitHub,setup,build,Public Actions artifacts,5.6,GB-month,0,0.000000,yes,"Prior artifact count, size, and retention assumptions retained in the public repository at a zero gross charge."
uat_expected,uat,ec2_aurora,GitHub,setup,build,Public Actions cache,8,GB-month,0,0.000000,yes,Public cache peak is at or below the separate 10 GB per-repository allowance; no paid cache extension is configured.
uat_expected,uat,ec2_aurora,GitHub,setup,build,Private standard ARM64 runners,120,minute,0.005,0.600000,yes,Residual private-repository gross sensitivity before shared account minute and artifact allowances; no private OCI artifact copies or cache baseline.
uat_expected,uat,ec2_aurora,GitHub,setup,build,Private Actions metadata artifact,0.009333333333333333333333333333,GB-month,0.25,0.002333,yes,Residual private-repository gross sensitivity before shared account minute and artifact allowances; no private OCI artifact copies or cache baseline.
uat_expected,uat,ec2_aurora,GitHub,conditional,approval,GitHub Enterprise Cloud user,1,user-month,21.00,21.000000,no,"Excluded unresolved purchase. Private required reviewers are unavailable on Free, Pro, and Team."
uat_expected,uat,ec2_aurora,AWS,active,compute,ECS EC2 Graviton host,336,instance-hour,0.0212,7.123200,yes,"t4g.small UAT or t4g.medium production, On-Demand, one host, no ALB."
uat_expected,uat,ec2_aurora,AWS,active,compute,EC2 surplus CPU credits,0,vCPU-hour,0.04,0.000000,yes,Stress sensitivity assumes 0.1 vCPU above the two-vCPU 20% baseline for every active hour.
uat_expected,uat,ec2_aurora,AWS,active,compute,EC2 root gp3 volume,13.80821917808219178082191781,GB-month,0.096,1.325589,yes,30 GB with included gp3 IOPS and throughput; no extra units.
uat_expected,uat,ec2_aurora,AWS,active,network,Elastic IP public IPv4,336,IP-hour,0.005,1.680000,yes,One public IPv4 address on the single origin host.
uat_expected,uat,ec2_aurora,AWS,active,database,Aurora Serverless v2 primary capacity,252.00,ACU-hour,0.20,50.400000,yes,Average ACU is an explicit scenario input; no auto-pause assumed.
uat_expected,uat,ec2_aurora,AWS,active,database,Aurora cluster storage,9.205479452054794520547945205,GB-month,0.11,1.012603,yes,Same provisioned data size as the RDS comparison.
uat_expected,uat,ec2_aurora,AWS,active,database,Aurora I/O,1000000,I/O,0.00000022,0.220000,yes,I/O is an explicit workload input because HTTP requests do not determine database I/O.
uat_expected,uat,ec2_aurora,AWS,restore,database,Nightly Aurora restore capacity,14.0,ACU-hour,0.20,2.800000,yes,Conditional equivalent assumes 0.5 ACU for the scenario restore duration.
uat_expected,uat,ec2_aurora,AWS,restore,database,Nightly Aurora restore storage,0.7671232876712328767123287671,GB-month,0.11,0.084384,yes,Temporary cluster storage is prorated for restore runtime.
uat_expected,uat,ec2_aurora,AWS,retained,database,Aurora excess backup storage,5,GB-month,0.023,0.115000,yes,Scenario sensitivity because 30-day changed-block volume is not measured.
uat_expected,uat,ec2_aurora,AWS,idle,sensitivity,IDLE_UAT_7_DAY_SENSITIVITY,1,total,18.80909589041095890410958904,18.809096,no,"Excluded seven-day idle infrastructure cost before retained KMS, ECR, and logs; RDS then restarts automatically."
uat_expected,uat,ec2_aurora,AWS,setup,drill,Production-shape drill increment,1,total,0.4301369863013698630136986301,0.430137,yes,"Four-hour UAT sensitivity: host class delta plus a separate temporary production-size database, deleted after the drill; no in-place storage shrink assumed."
uat_expected,uat,ec2_aurora,AWS,summary,summary,TOTAL_AWS,1,total,87.359068,87.359068,no,"Gross subtotal before allowances, discounts, credits, tax, and the conditional Enterprise license."
uat_expected,uat,ec2_aurora,GitHub,summary,summary,TOTAL_GITHUB,1,total,0.602333,0.602333,no,"Gross subtotal before allowances, discounts, credits, tax, and the conditional Enterprise license."
uat_expected,uat,ec2_aurora,All,summary,summary,TOTAL_GROSS,1,total,87.961401,87.961401,no,AWS plus gross GitHub usage; conditional Enterprise Cloud is excluded.
uat_expected,uat,fargate_rds,AWS,active,edge,CloudFront Asia viewer data,10,GB,0.12,1.200000,yes,All viewer bytes use the Asia first-tier gross rate.
uat_expected,uat,fargate_rds,AWS,active,edge,CloudFront HTTPS requests,1000000,request,0.0000012,1.200000,yes,Gross marginal price; no allowance deducted.
uat_expected,uat,fargate_rds,AWS,active,edge,CloudFront viewer function,1000000,request,0.0000001,0.100000,yes,Gross marginal price; no allowance deducted.
uat_expected,uat,fargate_rds,AWS,active,edge,CloudFront invalidation paths,100,path,0.005,0.500000,yes,Publish and revocation sensitivity; gross marginal price before the monthly 1000-path allowance.
uat_expected,uat,fargate_rds,AWS,active,storage,Private media S3 storage,5,GB-month,0.025,0.125000,yes,S3 remains private and is reached only by Go in the same Region.
uat_expected,uat,fargate_rds,AWS,active,storage,S3 read requests,10000,request,0.0000004,0.004000,yes,"Request count is a workload input, not derived from HTTP requests."
uat_expected,uat,fargate_rds,AWS,active,storage,S3 write and list requests,1000,request,0.000005,0.005000,yes,"Request count is a workload input, not derived from HTTP requests."
uat_expected,uat,fargate_rds,AWS,active,observability,CloudWatch custom metrics,23.01369863013698630136986302,metric-month,0.30,6.904110,yes,Counts include the Phase 10 alarm inventory and standard ECS Container Insights estimate.
uat_expected,uat,fargate_rds,AWS,active,observability,CloudWatch standard alarms,8.284931506849315068493150685,alarm-month,0.10,0.828493,yes,Counts include the Phase 10 alarm inventory and standard ECS Container Insights estimate.
uat_expected,uat,fargate_rds,AWS,active,observability,CloudWatch dashboard,0.4602739726027397260273972603,dashboard-month,3.00,1.380822,yes,Counts include the Phase 10 alarm inventory and standard ECS Container Insights estimate.
uat_expected,uat,fargate_rds,AWS,active,observability,CloudWatch log ingestion,2,GB,0.70,1.400000,yes,Counts include the Phase 10 alarm inventory and standard ECS Container Insights estimate.
uat_expected,uat,fargate_rds,AWS,active,observability,CloudWatch API requests,1000,request,0.00001,0.010000,yes,Counts include the Phase 10 alarm inventory and standard ECS Container Insights estimate.
uat_expected,uat,fargate_rds,AWS,active,observability,CloudWatch Logs Insights scans,10,GB,0.007,0.070000,yes,Counts include the Phase 10 alarm inventory and standard ECS Container Insights estimate.
uat_expected,uat,fargate_rds,AWS,retained,mail,Shared SES custom metrics,10.22191780821917808219178082,metric-month,0.30,3.066575,yes,Assumed existing shared-email inventory allocated across the UAT active-plus-retained horizon or one production month; verify during stack adoption.
uat_expected,uat,fargate_rds,AWS,retained,mail,Shared SES standard alarms,10.22191780821917808219178082,alarm-month,0.10,1.022192,yes,Assumed existing shared-email inventory allocated across the UAT active-plus-retained horizon or one production month; verify during stack adoption.
uat_expected,uat,fargate_rds,AWS,retained,observability,CloudWatch 180-day log storage,12,GB-month,0.03,0.360000,yes,UAT prices the full six-month retention liability for its run logs; production is steady-state at six monthly cohorts.
uat_expected,uat,fargate_rds,AWS,sensitivity,observability,UAT retained-log monthly run rate,2,GB-month,0.03,0.060000,no,One month of the six-month liability; excluded because the full liability is already included.
uat_expected,uat,fargate_rds,AWS,active,observability,Default CloudFront metrics in us-east-1,0.4602739726027397260273972603,distribution-month,0,0.000000,yes,The 5xx alarm uses the standard metric; no additional CloudFront metrics are enabled.
uat_expected,uat,fargate_rds,AWS,active,observability,Additional CloudFront metrics in us-east-1,0.0000000000000000000000000000,metric-month,0.30,0.000000,yes,Zero in the current plan; use the catalog rate if Task 10.9 enables any of the eight optional metrics.
uat_expected,uat,fargate_rds,AWS,active,jobs,Seven EventBridge Scheduler schedules,772,invocation,0.00000125,0.000965,yes,"Two hourly, one weekly, three daily including restore, and one every six hours."
uat_expected,uat,fargate_rds,AWS,active,network,EC2-to-RDS cross-AZ transfer,1,GB,0.01,0.010000,yes,Aggregate bidirectional bytes; zero if Task 10 pins the active DB and host to the same AZ.
uat_expected,uat,fargate_rds,AWS,active,network,Non-CloudFront internet transfer out,1,GB,0.12,0.120000,yes,Explicit host/control-plane sensitivity; viewer traffic remains on CloudFront.
uat_expected,uat,fargate_rds,AWS,active,mail,SES recipients,500,recipient,0.0001,0.050000,yes,The existing shared-email stack is adopted and persists outside UAT state.
uat_expected,uat,fargate_rds,AWS,active,mail,SNS alarm and feedback requests,50,request,0.0000005,0.000025,yes,The existing shared-email stack is adopted and persists outside UAT state.
uat_expected,uat,fargate_rds,AWS,active,mail,SNS alarm email deliveries,25,notification,0.00002,0.000500,yes,The existing shared-email stack is adopted and persists outside UAT state.
uat_expected,uat,fargate_rds,AWS,active,mail,SNS feedback delivery to SQS,25,notification,0,0.000000,yes,The existing shared-email stack is adopted and persists outside UAT state.
uat_expected,uat,fargate_rds,AWS,active,mail,SQS feedback queue requests,75,request,0.0000004,0.000030,yes,The existing shared-email stack is adopted and persists outside UAT state.
uat_expected,uat,fargate_rds,AWS,active,mail,SQS empty feedback polls,0,request,0.0000004,0.000000,yes,The existing shared-email stack is adopted and persists outside UAT state.
uat_expected,uat,fargate_rds,AWS,retained,security,Customer-managed KMS keys during active period,0.9205479452054794520547945206,key-month,1.00,0.920548,yes,One state key plus one retained secrets key per created environment.
uat_expected,uat,fargate_rds,AWS,retained,security,Customer-managed KMS keys after UAT destroy,2,key-month,1.00,2.000000,yes,Bootstrap keys persist after synthetic UAT state is destroyed.
uat_expected,uat,fargate_rds,AWS,retained,security,Rotated KMS key material,0,key-version-month,1.00,0.000000,yes,Zero for fresh Phase 10 keys; first and second future rotations add one billable version per retained key.
uat_expected,uat,fargate_rds,AWS,active,security,KMS requests,3360,request,0.000003,0.010080,yes,Placeholder request count; verify from the UAT bill.
uat_expected,uat,fargate_rds,AWS,retained,registry-and-state,Shared ECR image storage,8.761643835616438356164383560,GB-month,0.10,0.876164,yes,Peak storage is charged across the UAT active-plus-retained horizon or one production month; the bootstrap resource persists outside disposable UAT state.
uat_expected,uat,fargate_rds,AWS,retained,registry-and-state,OpenTofu state bucket storage,0.1460273972602739726027397260,GB-month,0.025,0.003651,yes,Peak storage is charged across the UAT active-plus-retained horizon or one production month; the bootstrap resource persists outside disposable UAT state.
uat_expected,uat,fargate_rds,AWS,setup,registry-and-state,ECR in-Region image transfer,12,GB,0,0.000000,yes,A conservative image-volume proxy; pushes into ECR and pulls to Singapore ECS or EC2 are free.
uat_expected,uat,fargate_rds,AWS,setup,registry-and-state,ECR external image pulls,0,GB,0.12,0.000000,yes,Zero baseline: native smoke uses its locally built image. Any later external pull must replace this input.
uat_expected,uat,fargate_rds,GitHub,setup,build,Public image build time budget,120,minute,0,0.000000,yes,One combined public-repository build-and-smoke job budgeted at four images times the scenario minutes; standard GitHub-hosted runners are free.
uat_expected,uat,fargate_rds,GitHub,setup,build,Public smoke time budget,30,minute,0,0.000000,yes,One native smoke pass within the combined public-repository build-and-smoke job; standard GitHub-hosted runners are free.
uat_expected,uat,fargate_rds,GitHub,setup,build,Public Actions artifacts,5.6,GB-month,0,0.000000,yes,"Prior artifact count, size, and retention assumptions retained in the public repository at a zero gross charge."
uat_expected,uat,fargate_rds,GitHub,setup,build,Public Actions cache,8,GB-month,0,0.000000,yes,Public cache peak is at or below the separate 10 GB per-repository allowance; no paid cache extension is configured.
uat_expected,uat,fargate_rds,GitHub,setup,build,Private standard ARM64 runners,120,minute,0.005,0.600000,yes,Residual private-repository gross sensitivity before shared account minute and artifact allowances; no private OCI artifact copies or cache baseline.
uat_expected,uat,fargate_rds,GitHub,setup,build,Private Actions metadata artifact,0.009333333333333333333333333333,GB-month,0.25,0.002333,yes,Residual private-repository gross sensitivity before shared account minute and artifact allowances; no private OCI artifact copies or cache baseline.
uat_expected,uat,fargate_rds,GitHub,conditional,approval,GitHub Enterprise Cloud user,1,user-month,21.00,21.000000,no,"Excluded unresolved purchase. Private required reviewers are unavailable on Free, Pro, and Team."
uat_expected,uat,fargate_rds,AWS,active,compute,Fargate ARM application vCPU,252.00,vCPU-hour,0.04045,10.193400,yes,Conditional redesign estimate; not a deployable form of the accepted contract.
uat_expected,uat,fargate_rds,AWS,active,compute,Fargate ARM application memory,504.0,GB-hour,0.00442,2.227680,yes,Conditional redesign estimate; not a deployable form of the accepted contract.
uat_expected,uat,fargate_rds,AWS,active,network,Single-AZ NLB,336,nlb-hour,0.0252,8.467200,yes,Conditional redesign estimate; not a deployable form of the accepted contract.
uat_expected,uat,fargate_rds,AWS,active,network,One NLB capacity unit,336,NLCU-hour,0.006,2.016000,yes,Conditional redesign estimate; not a deployable form of the accepted contract.
uat_expected,uat,fargate_rds,AWS,active,network,Public IPv4 addresses,1008,IP-hour,0.005,5.040000,yes,Conditional redesign estimate; not a deployable form of the accepted contract.
uat_expected,uat,fargate_rds,AWS,active,network,Route 53 private discovery zone,1,hosted-zone-month,0.50,0.500000,yes,Conditional redesign estimate; not a deployable form of the accepted contract.
uat_expected,uat,fargate_rds,AWS,active,network,Route 53 discovery queries,1000000,query,0,0.000000,yes,Conditional redesign estimate; not a deployable form of the accepted contract.
uat_expected,uat,fargate_rds,AWS,restore-and-jobs,jobs,Fargate scheduled-job vCPU,22.83333333333333333333333333,vCPU-hour,0.04045,0.923608,yes,Per-run duration includes the task waiting through the nightly restore; each public task uses one ephemeral public IPv4 for that duration.
uat_expected,uat,fargate_rds,AWS,restore-and-jobs,jobs,Fargate scheduled-job memory,45.66666666666666666666666666,GB-hour,0.00442,0.201847,yes,Per-run duration includes the task waiting through the nightly restore; each public task uses one ephemeral public IPv4 for that duration.
uat_expected,uat,fargate_rds,AWS,restore-and-jobs,jobs,Fargate scheduled-job public IPv4,91.33333333333333333333333333,IP-hour,0.005,0.456667,yes,Per-run duration includes the task waiting through the nightly restore; each public task uses one ephemeral public IPv4 for that duration.
uat_expected,uat,fargate_rds,AWS,active,database,RDS PostgreSQL primary instance,336,instance-hour,0.025,8.400000,yes,Single-AZ db.t4g.micro UAT or db.t4g.small production.
uat_expected,uat,fargate_rds,AWS,active,database,RDS PostgreSQL gp3 storage,9.205479452054794520547945205,GB-month,0.138,1.270356,yes,20 GB UAT or 50 GB production with 30-day backup retention.
uat_expected,uat,fargate_rds,AWS,active,database,RDS surplus CPU credits,0,vCPU-hour,0.075,0.000000,yes,Explicit T4g unlimited-mode sensitivity; low and expected cases use zero because hosted CPU is unknown.
uat_expected,uat,fargate_rds,AWS,restore,database,Nightly RDS restore instance,28,instance-hour,0.025,0.700000,yes,Real same-class temporary restore every night; scenario duration ranges one to four hours.
uat_expected,uat,fargate_rds,AWS,restore,database,Nightly RDS restore storage,0.7671232876712328767123287671,GB-month,0.138,0.105863,yes,Temporary same-size storage is prorated for restore runtime.
uat_expected,uat,fargate_rds,AWS,retained,database,RDS excess backup storage,5,GB-month,0.095,0.475000,yes,Scenario sensitivity because 30-day changed-block volume is not measured.
uat_expected,uat,fargate_rds,AWS,idle,sensitivity,IDLE_UAT_7_DAY_SENSITIVITY,1,total,6.716778082191780821917808219,6.716778,no,"Excluded seven-day idle infrastructure cost before retained KMS, ECR, and logs; RDS then restarts automatically."
uat_expected,uat,fargate_rds,AWS,sensitivity,network,ROUTE53_ADDITIONAL_BILLING_MONTH_SENSITIVITY,1,hosted-zone-month,0.50,0.500000,no,Excluded sensitivity for each additional Route 53 private hosted-zone billing month crossed by UAT.
uat_expected,uat,fargate_rds,AWS,sensitivity,network,PRIVATE_FARGATE_NAT_SENSITIVITY,1,total,20.591,20.591000,no,"Excluded gross NAT gateway and processing component, not a net private-topology increment; private tasks remove service and job IPs but require a NAT public IP."
uat_expected,uat,fargate_rds,AWS,setup,drill,Production-shape drill increment,1,total,0.2418082191780821917808219178,0.241808,yes,"Four-hour UAT sensitivity: host class delta plus a separate temporary production-size database, deleted after the drill; no in-place storage shrink assumed."
uat_expected,uat,fargate_rds,AWS,summary,summary,TOTAL_AWS,1,total,63.387584,63.387584,no,"Gross subtotal before allowances, discounts, credits, tax, and the conditional Enterprise license."
uat_expected,uat,fargate_rds,GitHub,summary,summary,TOTAL_GITHUB,1,total,0.602333,0.602333,no,"Gross subtotal before allowances, discounts, credits, tax, and the conditional Enterprise license."
uat_expected,uat,fargate_rds,All,summary,summary,TOTAL_GROSS,1,total,63.989917,63.989917,no,AWS plus gross GitHub usage; conditional Enterprise Cloud is excluded.
uat_14d_high,uat,ec2_rds,AWS,active,edge,CloudFront Asia viewer data,100,GB,0.12,12.000000,yes,All viewer bytes use the Asia first-tier gross rate.
uat_14d_high,uat,ec2_rds,AWS,active,edge,CloudFront HTTPS requests,10000000,request,0.0000012,12.000000,yes,Gross marginal price; no allowance deducted.
uat_14d_high,uat,ec2_rds,AWS,active,edge,CloudFront viewer function,10000000,request,0.0000001,1.000000,yes,Gross marginal price; no allowance deducted.
uat_14d_high,uat,ec2_rds,AWS,active,edge,CloudFront invalidation paths,1000,path,0.005,5.000000,yes,Publish and revocation sensitivity; gross marginal price before the monthly 1000-path allowance.
uat_14d_high,uat,ec2_rds,AWS,active,storage,Private media S3 storage,25,GB-month,0.025,0.625000,yes,S3 remains private and is reached only by Go in the same Region.
uat_14d_high,uat,ec2_rds,AWS,active,storage,S3 read requests,100000,request,0.0000004,0.040000,yes,"Request count is a workload input, not derived from HTTP requests."
uat_14d_high,uat,ec2_rds,AWS,active,storage,S3 write and list requests,10000,request,0.000005,0.050000,yes,"Request count is a workload input, not derived from HTTP requests."
uat_14d_high,uat,ec2_rds,AWS,active,observability,CloudWatch custom metrics,23.01369863013698630136986302,metric-month,0.30,6.904110,yes,Counts include the Phase 10 alarm inventory and standard ECS Container Insights estimate.
uat_14d_high,uat,ec2_rds,AWS,active,observability,CloudWatch standard alarms,8.284931506849315068493150685,alarm-month,0.10,0.828493,yes,Counts include the Phase 10 alarm inventory and standard ECS Container Insights estimate.
uat_14d_high,uat,ec2_rds,AWS,active,observability,CloudWatch dashboard,0.4602739726027397260273972603,dashboard-month,3.00,1.380822,yes,Counts include the Phase 10 alarm inventory and standard ECS Container Insights estimate.
uat_14d_high,uat,ec2_rds,AWS,active,observability,CloudWatch log ingestion,10,GB,0.70,7.000000,yes,Counts include the Phase 10 alarm inventory and standard ECS Container Insights estimate.
uat_14d_high,uat,ec2_rds,AWS,active,observability,CloudWatch API requests,10000,request,0.00001,0.100000,yes,Counts include the Phase 10 alarm inventory and standard ECS Container Insights estimate.
uat_14d_high,uat,ec2_rds,AWS,active,observability,CloudWatch Logs Insights scans,100,GB,0.007,0.700000,yes,Counts include the Phase 10 alarm inventory and standard ECS Container Insights estimate.
uat_14d_high,uat,ec2_rds,AWS,retained,mail,Shared SES custom metrics,10.22191780821917808219178082,metric-month,0.30,3.066575,yes,Assumed existing shared-email inventory allocated across the UAT active-plus-retained horizon or one production month; verify during stack adoption.
uat_14d_high,uat,ec2_rds,AWS,retained,mail,Shared SES standard alarms,10.22191780821917808219178082,alarm-month,0.10,1.022192,yes,Assumed existing shared-email inventory allocated across the UAT active-plus-retained horizon or one production month; verify during stack adoption.
uat_14d_high,uat,ec2_rds,AWS,retained,observability,CloudWatch 180-day log storage,60,GB-month,0.03,1.800000,yes,UAT prices the full six-month retention liability for its run logs; production is steady-state at six monthly cohorts.
uat_14d_high,uat,ec2_rds,AWS,sensitivity,observability,UAT retained-log monthly run rate,10,GB-month,0.03,0.300000,no,One month of the six-month liability; excluded because the full liability is already included.
uat_14d_high,uat,ec2_rds,AWS,active,observability,Default CloudFront metrics in us-east-1,0.4602739726027397260273972603,distribution-month,0,0.000000,yes,The 5xx alarm uses the standard metric; no additional CloudFront metrics are enabled.
uat_14d_high,uat,ec2_rds,AWS,active,observability,Additional CloudFront metrics in us-east-1,0.0000000000000000000000000000,metric-month,0.30,0.000000,yes,Zero in the current plan; use the catalog rate if Task 10.9 enables any of the eight optional metrics.
uat_14d_high,uat,ec2_rds,AWS,active,jobs,Seven EventBridge Scheduler schedules,772,invocation,0.00000125,0.000965,yes,"Two hourly, one weekly, three daily including restore, and one every six hours."
uat_14d_high,uat,ec2_rds,AWS,active,network,EC2-to-RDS cross-AZ transfer,10,GB,0.01,0.100000,yes,Aggregate bidirectional bytes; zero if Task 10 pins the active DB and host to the same AZ.
uat_14d_high,uat,ec2_rds,AWS,active,network,Non-CloudFront internet transfer out,10,GB,0.12,1.200000,yes,Explicit host/control-plane sensitivity; viewer traffic remains on CloudFront.
uat_14d_high,uat,ec2_rds,AWS,active,mail,SES recipients,5000,recipient,0.0001,0.500000,yes,The existing shared-email stack is adopted and persists outside UAT state.
uat_14d_high,uat,ec2_rds,AWS,active,mail,SNS alarm and feedback requests,500,request,0.0000005,0.000250,yes,The existing shared-email stack is adopted and persists outside UAT state.
uat_14d_high,uat,ec2_rds,AWS,active,mail,SNS alarm email deliveries,250,notification,0.00002,0.005000,yes,The existing shared-email stack is adopted and persists outside UAT state.
uat_14d_high,uat,ec2_rds,AWS,active,mail,SNS feedback delivery to SQS,250,notification,0,0.000000,yes,The existing shared-email stack is adopted and persists outside UAT state.
uat_14d_high,uat,ec2_rds,AWS,active,mail,SQS feedback queue requests,750,request,0.0000004,0.000300,yes,The existing shared-email stack is adopted and persists outside UAT state.
uat_14d_high,uat,ec2_rds,AWS,active,mail,SQS empty feedback polls,0,request,0.0000004,0.000000,yes,The existing shared-email stack is adopted and persists outside UAT state.
uat_14d_high,uat,ec2_rds,AWS,retained,security,Customer-managed KMS keys during active period,0.9205479452054794520547945206,key-month,1.00,0.920548,yes,One state key plus one retained secrets key per created environment.
uat_14d_high,uat,ec2_rds,AWS,retained,security,Customer-managed KMS keys after UAT destroy,2,key-month,1.00,2.000000,yes,Bootstrap keys persist after synthetic UAT state is destroyed.
uat_14d_high,uat,ec2_rds,AWS,retained,security,Rotated KMS key material,0,key-version-month,1.00,0.000000,yes,Zero for fresh Phase 10 keys; first and second future rotations add one billable version per retained key.
uat_14d_high,uat,ec2_rds,AWS,active,security,KMS requests,3360,request,0.000003,0.010080,yes,Placeholder request count; verify from the UAT bill.
uat_14d_high,uat,ec2_rds,AWS,retained,registry-and-state,Shared ECR image storage,29.20547945205479452054794520,GB-month,0.10,2.920548,yes,Peak storage is charged across the UAT active-plus-retained horizon or one production month; the bootstrap resource persists outside disposable UAT state.
uat_14d_high,uat,ec2_rds,AWS,retained,registry-and-state,OpenTofu state bucket storage,0.1460273972602739726027397260,GB-month,0.025,0.003651,yes,Peak storage is charged across the UAT active-plus-retained horizon or one production month; the bootstrap resource persists outside disposable UAT state.
uat_14d_high,uat,ec2_rds,AWS,setup,registry-and-state,ECR in-Region image transfer,120,GB,0,0.000000,yes,A conservative image-volume proxy; pushes into ECR and pulls to Singapore ECS or EC2 are free.
uat_14d_high,uat,ec2_rds,AWS,setup,registry-and-state,ECR external image pulls,0,GB,0.12,0.000000,yes,Zero baseline: native smoke uses its locally built image. Any later external pull must replace this input.
uat_14d_high,uat,ec2_rds,GitHub,setup,build,Public image build time budget,480,minute,0,0.000000,yes,One combined public-repository build-and-smoke job budgeted at four images times the scenario minutes; standard GitHub-hosted runners are free.
uat_14d_high,uat,ec2_rds,GitHub,setup,build,Public smoke time budget,120,minute,0,0.000000,yes,One native smoke pass within the combined public-repository build-and-smoke job; standard GitHub-hosted runners are free.
uat_14d_high,uat,ec2_rds,GitHub,setup,build,Public Actions artifacts,16.8,GB-month,0,0.000000,yes,"Prior artifact count, size, and retention assumptions retained in the public repository at a zero gross charge."
uat_14d_high,uat,ec2_rds,GitHub,setup,build,Public Actions cache,10,GB-month,0,0.000000,yes,Public cache peak is at or below the separate 10 GB per-repository allowance; no paid cache extension is configured.
uat_14d_high,uat,ec2_rds,GitHub,setup,build,Private standard ARM64 runners,480,minute,0.005,2.400000,yes,Residual private-repository gross sensitivity before shared account minute and artifact allowances; no private OCI artifact copies or cache baseline.
uat_14d_high,uat,ec2_rds,GitHub,setup,build,Private Actions metadata artifact,0.028,GB-month,0.25,0.007000,yes,Residual private-repository gross sensitivity before shared account minute and artifact allowances; no private OCI artifact copies or cache baseline.
uat_14d_high,uat,ec2_rds,GitHub,conditional,approval,GitHub Enterprise Cloud user,1,user-month,21.00,21.000000,no,"Excluded unresolved purchase. Private required reviewers are unavailable on Free, Pro, and Team."
uat_14d_high,uat,ec2_rds,AWS,active,compute,ECS EC2 Graviton host,336,instance-hour,0.0212,7.123200,yes,"t4g.small UAT or t4g.medium production, On-Demand, one host, no ALB."
uat_14d_high,uat,ec2_rds,AWS,active,compute,EC2 surplus CPU credits,33.6,vCPU-hour,0.04,1.344000,yes,Stress sensitivity assumes 0.1 vCPU above the two-vCPU 20% baseline for every active hour.
uat_14d_high,uat,ec2_rds,AWS,active,compute,EC2 root gp3 volume,13.80821917808219178082191781,GB-month,0.096,1.325589,yes,30 GB with included gp3 IOPS and throughput; no extra units.
uat_14d_high,uat,ec2_rds,AWS,active,network,Elastic IP public IPv4,336,IP-hour,0.005,1.680000,yes,One public IPv4 address on the single origin host.
uat_14d_high,uat,ec2_rds,AWS,active,database,RDS PostgreSQL primary instance,336,instance-hour,0.025,8.400000,yes,Single-AZ db.t4g.micro UAT or db.t4g.small production.
uat_14d_high,uat,ec2_rds,AWS,active,database,RDS PostgreSQL gp3 storage,9.205479452054794520547945205,GB-month,0.138,1.270356,yes,20 GB UAT or 50 GB production with 30-day backup retention.
uat_14d_high,uat,ec2_rds,AWS,active,database,RDS surplus CPU credits,33.6,vCPU-hour,0.075,2.520000,yes,Explicit T4g unlimited-mode sensitivity; low and expected cases use zero because hosted CPU is unknown.
uat_14d_high,uat,ec2_rds,AWS,restore,database,Nightly RDS restore instance,56,instance-hour,0.025,1.400000,yes,Real same-class temporary restore every night; scenario duration ranges one to four hours.
uat_14d_high,uat,ec2_rds,AWS,restore,database,Nightly RDS restore storage,1.534246575342465753424657534,GB-month,0.138,0.211726,yes,Temporary same-size storage is prorated for restore runtime.
uat_14d_high,uat,ec2_rds,AWS,retained,database,RDS excess backup storage,20,GB-month,0.095,1.900000,yes,Scenario sensitivity because 30-day changed-block volume is not measured.
uat_14d_high,uat,ec2_rds,AWS,idle,sensitivity,IDLE_UAT_7_DAY_SENSITIVITY,1,total,2.137972602739726027397260274,2.137973,no,"Excluded seven-day idle infrastructure cost before retained KMS, ECR, and logs; RDS then restarts automatically."
uat_14d_high,uat,ec2_rds,AWS,setup,drill,Production-shape drill increment,1,total,0.3266082191780821917808219178,0.326608,yes,"Four-hour UAT sensitivity: host class delta plus a separate temporary production-size database, deleted after the drill; no in-place storage shrink assumed."
uat_14d_high,uat,ec2_rds,AWS,summary,summary,TOTAL_AWS,1,total,88.680013,88.680013,no,"Gross subtotal before allowances, discounts, credits, tax, and the conditional Enterprise license."
uat_14d_high,uat,ec2_rds,GitHub,summary,summary,TOTAL_GITHUB,1,total,2.407000,2.407000,no,"Gross subtotal before allowances, discounts, credits, tax, and the conditional Enterprise license."
uat_14d_high,uat,ec2_rds,All,summary,summary,TOTAL_GROSS,1,total,91.087013,91.087013,no,AWS plus gross GitHub usage; conditional Enterprise Cloud is excluded.
uat_14d_high,uat,ec2_aurora,AWS,active,edge,CloudFront Asia viewer data,100,GB,0.12,12.000000,yes,All viewer bytes use the Asia first-tier gross rate.
uat_14d_high,uat,ec2_aurora,AWS,active,edge,CloudFront HTTPS requests,10000000,request,0.0000012,12.000000,yes,Gross marginal price; no allowance deducted.
uat_14d_high,uat,ec2_aurora,AWS,active,edge,CloudFront viewer function,10000000,request,0.0000001,1.000000,yes,Gross marginal price; no allowance deducted.
uat_14d_high,uat,ec2_aurora,AWS,active,edge,CloudFront invalidation paths,1000,path,0.005,5.000000,yes,Publish and revocation sensitivity; gross marginal price before the monthly 1000-path allowance.
uat_14d_high,uat,ec2_aurora,AWS,active,storage,Private media S3 storage,25,GB-month,0.025,0.625000,yes,S3 remains private and is reached only by Go in the same Region.
uat_14d_high,uat,ec2_aurora,AWS,active,storage,S3 read requests,100000,request,0.0000004,0.040000,yes,"Request count is a workload input, not derived from HTTP requests."
uat_14d_high,uat,ec2_aurora,AWS,active,storage,S3 write and list requests,10000,request,0.000005,0.050000,yes,"Request count is a workload input, not derived from HTTP requests."
uat_14d_high,uat,ec2_aurora,AWS,active,observability,CloudWatch custom metrics,23.01369863013698630136986302,metric-month,0.30,6.904110,yes,Counts include the Phase 10 alarm inventory and standard ECS Container Insights estimate.
uat_14d_high,uat,ec2_aurora,AWS,active,observability,CloudWatch standard alarms,8.284931506849315068493150685,alarm-month,0.10,0.828493,yes,Counts include the Phase 10 alarm inventory and standard ECS Container Insights estimate.
uat_14d_high,uat,ec2_aurora,AWS,active,observability,CloudWatch dashboard,0.4602739726027397260273972603,dashboard-month,3.00,1.380822,yes,Counts include the Phase 10 alarm inventory and standard ECS Container Insights estimate.
uat_14d_high,uat,ec2_aurora,AWS,active,observability,CloudWatch log ingestion,10,GB,0.70,7.000000,yes,Counts include the Phase 10 alarm inventory and standard ECS Container Insights estimate.
uat_14d_high,uat,ec2_aurora,AWS,active,observability,CloudWatch API requests,10000,request,0.00001,0.100000,yes,Counts include the Phase 10 alarm inventory and standard ECS Container Insights estimate.
uat_14d_high,uat,ec2_aurora,AWS,active,observability,CloudWatch Logs Insights scans,100,GB,0.007,0.700000,yes,Counts include the Phase 10 alarm inventory and standard ECS Container Insights estimate.
uat_14d_high,uat,ec2_aurora,AWS,retained,mail,Shared SES custom metrics,10.22191780821917808219178082,metric-month,0.30,3.066575,yes,Assumed existing shared-email inventory allocated across the UAT active-plus-retained horizon or one production month; verify during stack adoption.
uat_14d_high,uat,ec2_aurora,AWS,retained,mail,Shared SES standard alarms,10.22191780821917808219178082,alarm-month,0.10,1.022192,yes,Assumed existing shared-email inventory allocated across the UAT active-plus-retained horizon or one production month; verify during stack adoption.
uat_14d_high,uat,ec2_aurora,AWS,retained,observability,CloudWatch 180-day log storage,60,GB-month,0.03,1.800000,yes,UAT prices the full six-month retention liability for its run logs; production is steady-state at six monthly cohorts.
uat_14d_high,uat,ec2_aurora,AWS,sensitivity,observability,UAT retained-log monthly run rate,10,GB-month,0.03,0.300000,no,One month of the six-month liability; excluded because the full liability is already included.
uat_14d_high,uat,ec2_aurora,AWS,active,observability,Default CloudFront metrics in us-east-1,0.4602739726027397260273972603,distribution-month,0,0.000000,yes,The 5xx alarm uses the standard metric; no additional CloudFront metrics are enabled.
uat_14d_high,uat,ec2_aurora,AWS,active,observability,Additional CloudFront metrics in us-east-1,0.0000000000000000000000000000,metric-month,0.30,0.000000,yes,Zero in the current plan; use the catalog rate if Task 10.9 enables any of the eight optional metrics.
uat_14d_high,uat,ec2_aurora,AWS,active,jobs,Seven EventBridge Scheduler schedules,772,invocation,0.00000125,0.000965,yes,"Two hourly, one weekly, three daily including restore, and one every six hours."
uat_14d_high,uat,ec2_aurora,AWS,active,network,EC2-to-RDS cross-AZ transfer,10,GB,0.01,0.100000,yes,Aggregate bidirectional bytes; zero if Task 10 pins the active DB and host to the same AZ.
uat_14d_high,uat,ec2_aurora,AWS,active,network,Non-CloudFront internet transfer out,10,GB,0.12,1.200000,yes,Explicit host/control-plane sensitivity; viewer traffic remains on CloudFront.
uat_14d_high,uat,ec2_aurora,AWS,active,mail,SES recipients,5000,recipient,0.0001,0.500000,yes,The existing shared-email stack is adopted and persists outside UAT state.
uat_14d_high,uat,ec2_aurora,AWS,active,mail,SNS alarm and feedback requests,500,request,0.0000005,0.000250,yes,The existing shared-email stack is adopted and persists outside UAT state.
uat_14d_high,uat,ec2_aurora,AWS,active,mail,SNS alarm email deliveries,250,notification,0.00002,0.005000,yes,The existing shared-email stack is adopted and persists outside UAT state.
uat_14d_high,uat,ec2_aurora,AWS,active,mail,SNS feedback delivery to SQS,250,notification,0,0.000000,yes,The existing shared-email stack is adopted and persists outside UAT state.
uat_14d_high,uat,ec2_aurora,AWS,active,mail,SQS feedback queue requests,750,request,0.0000004,0.000300,yes,The existing shared-email stack is adopted and persists outside UAT state.
uat_14d_high,uat,ec2_aurora,AWS,active,mail,SQS empty feedback polls,0,request,0.0000004,0.000000,yes,The existing shared-email stack is adopted and persists outside UAT state.
uat_14d_high,uat,ec2_aurora,AWS,retained,security,Customer-managed KMS keys during active period,0.9205479452054794520547945206,key-month,1.00,0.920548,yes,One state key plus one retained secrets key per created environment.
uat_14d_high,uat,ec2_aurora,AWS,retained,security,Customer-managed KMS keys after UAT destroy,2,key-month,1.00,2.000000,yes,Bootstrap keys persist after synthetic UAT state is destroyed.
uat_14d_high,uat,ec2_aurora,AWS,retained,security,Rotated KMS key material,0,key-version-month,1.00,0.000000,yes,Zero for fresh Phase 10 keys; first and second future rotations add one billable version per retained key.
uat_14d_high,uat,ec2_aurora,AWS,active,security,KMS requests,3360,request,0.000003,0.010080,yes,Placeholder request count; verify from the UAT bill.
uat_14d_high,uat,ec2_aurora,AWS,retained,registry-and-state,Shared ECR image storage,29.20547945205479452054794520,GB-month,0.10,2.920548,yes,Peak storage is charged across the UAT active-plus-retained horizon or one production month; the bootstrap resource persists outside disposable UAT state.
uat_14d_high,uat,ec2_aurora,AWS,retained,registry-and-state,OpenTofu state bucket storage,0.1460273972602739726027397260,GB-month,0.025,0.003651,yes,Peak storage is charged across the UAT active-plus-retained horizon or one production month; the bootstrap resource persists outside disposable UAT state.
uat_14d_high,uat,ec2_aurora,AWS,setup,registry-and-state,ECR in-Region image transfer,120,GB,0,0.000000,yes,A conservative image-volume proxy; pushes into ECR and pulls to Singapore ECS or EC2 are free.
uat_14d_high,uat,ec2_aurora,AWS,setup,registry-and-state,ECR external image pulls,0,GB,0.12,0.000000,yes,Zero baseline: native smoke uses its locally built image. Any later external pull must replace this input.
uat_14d_high,uat,ec2_aurora,GitHub,setup,build,Public image build time budget,480,minute,0,0.000000,yes,One combined public-repository build-and-smoke job budgeted at four images times the scenario minutes; standard GitHub-hosted runners are free.
uat_14d_high,uat,ec2_aurora,GitHub,setup,build,Public smoke time budget,120,minute,0,0.000000,yes,One native smoke pass within the combined public-repository build-and-smoke job; standard GitHub-hosted runners are free.
uat_14d_high,uat,ec2_aurora,GitHub,setup,build,Public Actions artifacts,16.8,GB-month,0,0.000000,yes,"Prior artifact count, size, and retention assumptions retained in the public repository at a zero gross charge."
uat_14d_high,uat,ec2_aurora,GitHub,setup,build,Public Actions cache,10,GB-month,0,0.000000,yes,Public cache peak is at or below the separate 10 GB per-repository allowance; no paid cache extension is configured.
uat_14d_high,uat,ec2_aurora,GitHub,setup,build,Private standard ARM64 runners,480,minute,0.005,2.400000,yes,Residual private-repository gross sensitivity before shared account minute and artifact allowances; no private OCI artifact copies or cache baseline.
uat_14d_high,uat,ec2_aurora,GitHub,setup,build,Private Actions metadata artifact,0.028,GB-month,0.25,0.007000,yes,Residual private-repository gross sensitivity before shared account minute and artifact allowances; no private OCI artifact copies or cache baseline.
uat_14d_high,uat,ec2_aurora,GitHub,conditional,approval,GitHub Enterprise Cloud user,1,user-month,21.00,21.000000,no,"Excluded unresolved purchase. Private required reviewers are unavailable on Free, Pro, and Team."
uat_14d_high,uat,ec2_aurora,AWS,active,compute,ECS EC2 Graviton host,336,instance-hour,0.0212,7.123200,yes,"t4g.small UAT or t4g.medium production, On-Demand, one host, no ALB."
uat_14d_high,uat,ec2_aurora,AWS,active,compute,EC2 surplus CPU credits,33.6,vCPU-hour,0.04,1.344000,yes,Stress sensitivity assumes 0.1 vCPU above the two-vCPU 20% baseline for every active hour.
uat_14d_high,uat,ec2_aurora,AWS,active,compute,EC2 root gp3 volume,13.80821917808219178082191781,GB-month,0.096,1.325589,yes,30 GB with included gp3 IOPS and throughput; no extra units.
uat_14d_high,uat,ec2_aurora,AWS,active,network,Elastic IP public IPv4,336,IP-hour,0.005,1.680000,yes,One public IPv4 address on the single origin host.
uat_14d_high,uat,ec2_aurora,AWS,active,database,Aurora Serverless v2 primary capacity,672,ACU-hour,0.20,134.400000,yes,Average ACU is an explicit scenario input; no auto-pause assumed.
uat_14d_high,uat,ec2_aurora,AWS,active,database,Aurora cluster storage,9.205479452054794520547945205,GB-month,0.11,1.012603,yes,Same provisioned data size as the RDS comparison.
uat_14d_high,uat,ec2_aurora,AWS,active,database,Aurora I/O,10000000,I/O,0.00000022,2.200000,yes,I/O is an explicit workload input because HTTP requests do not determine database I/O.
uat_14d_high,uat,ec2_aurora,AWS,restore,database,Nightly Aurora restore capacity,28.0,ACU-hour,0.20,5.600000,yes,Conditional equivalent assumes 0.5 ACU for the scenario restore duration.
uat_14d_high,uat,ec2_aurora,AWS,restore,database,Nightly Aurora restore storage,1.534246575342465753424657534,GB-month,0.11,0.168767,yes,Temporary cluster storage is prorated for restore runtime.
uat_14d_high,uat,ec2_aurora,AWS,retained,database,Aurora excess backup storage,20,GB-month,0.023,0.460000,yes,Scenario sensitivity because 30-day changed-block volume is not measured.
uat_14d_high,uat,ec2_aurora,AWS,idle,sensitivity,IDLE_UAT_7_DAY_SENSITIVITY,1,total,18.80909589041095890410958904,18.809096,no,"Excluded seven-day idle infrastructure cost before retained KMS, ECR, and logs; RDS then restarts automatically."
uat_14d_high,uat,ec2_aurora,AWS,setup,drill,Production-shape drill increment,1,total,0.4301369863013698630136986301,0.430137,yes,"Four-hour UAT sensitivity: host class delta plus a separate temporary production-size database, deleted after the drill; no in-place storage shrink assumed."
uat_14d_high,uat,ec2_aurora,AWS,summary,summary,TOTAL_AWS,1,total,216.922830,216.922830,no,"Gross subtotal before allowances, discounts, credits, tax, and the conditional Enterprise license."
uat_14d_high,uat,ec2_aurora,GitHub,summary,summary,TOTAL_GITHUB,1,total,2.407000,2.407000,no,"Gross subtotal before allowances, discounts, credits, tax, and the conditional Enterprise license."
uat_14d_high,uat,ec2_aurora,All,summary,summary,TOTAL_GROSS,1,total,219.329830,219.329830,no,AWS plus gross GitHub usage; conditional Enterprise Cloud is excluded.
uat_14d_high,uat,fargate_rds,AWS,active,edge,CloudFront Asia viewer data,100,GB,0.12,12.000000,yes,All viewer bytes use the Asia first-tier gross rate.
uat_14d_high,uat,fargate_rds,AWS,active,edge,CloudFront HTTPS requests,10000000,request,0.0000012,12.000000,yes,Gross marginal price; no allowance deducted.
uat_14d_high,uat,fargate_rds,AWS,active,edge,CloudFront viewer function,10000000,request,0.0000001,1.000000,yes,Gross marginal price; no allowance deducted.
uat_14d_high,uat,fargate_rds,AWS,active,edge,CloudFront invalidation paths,1000,path,0.005,5.000000,yes,Publish and revocation sensitivity; gross marginal price before the monthly 1000-path allowance.
uat_14d_high,uat,fargate_rds,AWS,active,storage,Private media S3 storage,25,GB-month,0.025,0.625000,yes,S3 remains private and is reached only by Go in the same Region.
uat_14d_high,uat,fargate_rds,AWS,active,storage,S3 read requests,100000,request,0.0000004,0.040000,yes,"Request count is a workload input, not derived from HTTP requests."
uat_14d_high,uat,fargate_rds,AWS,active,storage,S3 write and list requests,10000,request,0.000005,0.050000,yes,"Request count is a workload input, not derived from HTTP requests."
uat_14d_high,uat,fargate_rds,AWS,active,observability,CloudWatch custom metrics,23.01369863013698630136986302,metric-month,0.30,6.904110,yes,Counts include the Phase 10 alarm inventory and standard ECS Container Insights estimate.
uat_14d_high,uat,fargate_rds,AWS,active,observability,CloudWatch standard alarms,8.284931506849315068493150685,alarm-month,0.10,0.828493,yes,Counts include the Phase 10 alarm inventory and standard ECS Container Insights estimate.
uat_14d_high,uat,fargate_rds,AWS,active,observability,CloudWatch dashboard,0.4602739726027397260273972603,dashboard-month,3.00,1.380822,yes,Counts include the Phase 10 alarm inventory and standard ECS Container Insights estimate.
uat_14d_high,uat,fargate_rds,AWS,active,observability,CloudWatch log ingestion,10,GB,0.70,7.000000,yes,Counts include the Phase 10 alarm inventory and standard ECS Container Insights estimate.
uat_14d_high,uat,fargate_rds,AWS,active,observability,CloudWatch API requests,10000,request,0.00001,0.100000,yes,Counts include the Phase 10 alarm inventory and standard ECS Container Insights estimate.
uat_14d_high,uat,fargate_rds,AWS,active,observability,CloudWatch Logs Insights scans,100,GB,0.007,0.700000,yes,Counts include the Phase 10 alarm inventory and standard ECS Container Insights estimate.
uat_14d_high,uat,fargate_rds,AWS,retained,mail,Shared SES custom metrics,10.22191780821917808219178082,metric-month,0.30,3.066575,yes,Assumed existing shared-email inventory allocated across the UAT active-plus-retained horizon or one production month; verify during stack adoption.
uat_14d_high,uat,fargate_rds,AWS,retained,mail,Shared SES standard alarms,10.22191780821917808219178082,alarm-month,0.10,1.022192,yes,Assumed existing shared-email inventory allocated across the UAT active-plus-retained horizon or one production month; verify during stack adoption.
uat_14d_high,uat,fargate_rds,AWS,retained,observability,CloudWatch 180-day log storage,60,GB-month,0.03,1.800000,yes,UAT prices the full six-month retention liability for its run logs; production is steady-state at six monthly cohorts.
uat_14d_high,uat,fargate_rds,AWS,sensitivity,observability,UAT retained-log monthly run rate,10,GB-month,0.03,0.300000,no,One month of the six-month liability; excluded because the full liability is already included.
uat_14d_high,uat,fargate_rds,AWS,active,observability,Default CloudFront metrics in us-east-1,0.4602739726027397260273972603,distribution-month,0,0.000000,yes,The 5xx alarm uses the standard metric; no additional CloudFront metrics are enabled.
uat_14d_high,uat,fargate_rds,AWS,active,observability,Additional CloudFront metrics in us-east-1,0.0000000000000000000000000000,metric-month,0.30,0.000000,yes,Zero in the current plan; use the catalog rate if Task 10.9 enables any of the eight optional metrics.
uat_14d_high,uat,fargate_rds,AWS,active,jobs,Seven EventBridge Scheduler schedules,772,invocation,0.00000125,0.000965,yes,"Two hourly, one weekly, three daily including restore, and one every six hours."
uat_14d_high,uat,fargate_rds,AWS,active,network,EC2-to-RDS cross-AZ transfer,10,GB,0.01,0.100000,yes,Aggregate bidirectional bytes; zero if Task 10 pins the active DB and host to the same AZ.
uat_14d_high,uat,fargate_rds,AWS,active,network,Non-CloudFront internet transfer out,10,GB,0.12,1.200000,yes,Explicit host/control-plane sensitivity; viewer traffic remains on CloudFront.
uat_14d_high,uat,fargate_rds,AWS,active,mail,SES recipients,5000,recipient,0.0001,0.500000,yes,The existing shared-email stack is adopted and persists outside UAT state.
uat_14d_high,uat,fargate_rds,AWS,active,mail,SNS alarm and feedback requests,500,request,0.0000005,0.000250,yes,The existing shared-email stack is adopted and persists outside UAT state.
uat_14d_high,uat,fargate_rds,AWS,active,mail,SNS alarm email deliveries,250,notification,0.00002,0.005000,yes,The existing shared-email stack is adopted and persists outside UAT state.
uat_14d_high,uat,fargate_rds,AWS,active,mail,SNS feedback delivery to SQS,250,notification,0,0.000000,yes,The existing shared-email stack is adopted and persists outside UAT state.
uat_14d_high,uat,fargate_rds,AWS,active,mail,SQS feedback queue requests,750,request,0.0000004,0.000300,yes,The existing shared-email stack is adopted and persists outside UAT state.
uat_14d_high,uat,fargate_rds,AWS,active,mail,SQS empty feedback polls,0,request,0.0000004,0.000000,yes,The existing shared-email stack is adopted and persists outside UAT state.
uat_14d_high,uat,fargate_rds,AWS,retained,security,Customer-managed KMS keys during active period,0.9205479452054794520547945206,key-month,1.00,0.920548,yes,One state key plus one retained secrets key per created environment.
uat_14d_high,uat,fargate_rds,AWS,retained,security,Customer-managed KMS keys after UAT destroy,2,key-month,1.00,2.000000,yes,Bootstrap keys persist after synthetic UAT state is destroyed.
uat_14d_high,uat,fargate_rds,AWS,retained,security,Rotated KMS key material,0,key-version-month,1.00,0.000000,yes,Zero for fresh Phase 10 keys; first and second future rotations add one billable version per retained key.
uat_14d_high,uat,fargate_rds,AWS,active,security,KMS requests,3360,request,0.000003,0.010080,yes,Placeholder request count; verify from the UAT bill.
uat_14d_high,uat,fargate_rds,AWS,retained,registry-and-state,Shared ECR image storage,29.20547945205479452054794520,GB-month,0.10,2.920548,yes,Peak storage is charged across the UAT active-plus-retained horizon or one production month; the bootstrap resource persists outside disposable UAT state.
uat_14d_high,uat,fargate_rds,AWS,retained,registry-and-state,OpenTofu state bucket storage,0.1460273972602739726027397260,GB-month,0.025,0.003651,yes,Peak storage is charged across the UAT active-plus-retained horizon or one production month; the bootstrap resource persists outside disposable UAT state.
uat_14d_high,uat,fargate_rds,AWS,setup,registry-and-state,ECR in-Region image transfer,120,GB,0,0.000000,yes,A conservative image-volume proxy; pushes into ECR and pulls to Singapore ECS or EC2 are free.
uat_14d_high,uat,fargate_rds,AWS,setup,registry-and-state,ECR external image pulls,0,GB,0.12,0.000000,yes,Zero baseline: native smoke uses its locally built image. Any later external pull must replace this input.
uat_14d_high,uat,fargate_rds,GitHub,setup,build,Public image build time budget,480,minute,0,0.000000,yes,One combined public-repository build-and-smoke job budgeted at four images times the scenario minutes; standard GitHub-hosted runners are free.
uat_14d_high,uat,fargate_rds,GitHub,setup,build,Public smoke time budget,120,minute,0,0.000000,yes,One native smoke pass within the combined public-repository build-and-smoke job; standard GitHub-hosted runners are free.
uat_14d_high,uat,fargate_rds,GitHub,setup,build,Public Actions artifacts,16.8,GB-month,0,0.000000,yes,"Prior artifact count, size, and retention assumptions retained in the public repository at a zero gross charge."
uat_14d_high,uat,fargate_rds,GitHub,setup,build,Public Actions cache,10,GB-month,0,0.000000,yes,Public cache peak is at or below the separate 10 GB per-repository allowance; no paid cache extension is configured.
uat_14d_high,uat,fargate_rds,GitHub,setup,build,Private standard ARM64 runners,480,minute,0.005,2.400000,yes,Residual private-repository gross sensitivity before shared account minute and artifact allowances; no private OCI artifact copies or cache baseline.
uat_14d_high,uat,fargate_rds,GitHub,setup,build,Private Actions metadata artifact,0.028,GB-month,0.25,0.007000,yes,Residual private-repository gross sensitivity before shared account minute and artifact allowances; no private OCI artifact copies or cache baseline.
uat_14d_high,uat,fargate_rds,GitHub,conditional,approval,GitHub Enterprise Cloud user,1,user-month,21.00,21.000000,no,"Excluded unresolved purchase. Private required reviewers are unavailable on Free, Pro, and Team."
uat_14d_high,uat,fargate_rds,AWS,active,compute,Fargate ARM application vCPU,252.00,vCPU-hour,0.04045,10.193400,yes,Conditional redesign estimate; not a deployable form of the accepted contract.
uat_14d_high,uat,fargate_rds,AWS,active,compute,Fargate ARM application memory,504.0,GB-hour,0.00442,2.227680,yes,Conditional redesign estimate; not a deployable form of the accepted contract.
uat_14d_high,uat,fargate_rds,AWS,active,network,Single-AZ NLB,336,nlb-hour,0.0252,8.467200,yes,Conditional redesign estimate; not a deployable form of the accepted contract.
uat_14d_high,uat,fargate_rds,AWS,active,network,One NLB capacity unit,336,NLCU-hour,0.006,2.016000,yes,Conditional redesign estimate; not a deployable form of the accepted contract.
uat_14d_high,uat,fargate_rds,AWS,active,network,Public IPv4 addresses,1008,IP-hour,0.005,5.040000,yes,Conditional redesign estimate; not a deployable form of the accepted contract.
uat_14d_high,uat,fargate_rds,AWS,active,network,Route 53 private discovery zone,1,hosted-zone-month,0.50,0.500000,yes,Conditional redesign estimate; not a deployable form of the accepted contract.
uat_14d_high,uat,fargate_rds,AWS,active,network,Route 53 discovery queries,10000000,query,0,0.000000,yes,Conditional redesign estimate; not a deployable form of the accepted contract.
uat_14d_high,uat,fargate_rds,AWS,restore-and-jobs,jobs,Fargate scheduled-job vCPU,29.83333333333333333333333332,vCPU-hour,0.04045,1.206758,yes,Per-run duration includes the task waiting through the nightly restore; each public task uses one ephemeral public IPv4 for that duration.
uat_14d_high,uat,fargate_rds,AWS,restore-and-jobs,jobs,Fargate scheduled-job memory,59.66666666666666666666666665,GB-hour,0.00442,0.263727,yes,Per-run duration includes the task waiting through the nightly restore; each public task uses one ephemeral public IPv4 for that duration.
uat_14d_high,uat,fargate_rds,AWS,restore-and-jobs,jobs,Fargate scheduled-job public IPv4,119.3333333333333333333333333,IP-hour,0.005,0.596667,yes,Per-run duration includes the task waiting through the nightly restore; each public task uses one ephemeral public IPv4 for that duration.
uat_14d_high,uat,fargate_rds,AWS,active,database,RDS PostgreSQL primary instance,336,instance-hour,0.025,8.400000,yes,Single-AZ db.t4g.micro UAT or db.t4g.small production.
uat_14d_high,uat,fargate_rds,AWS,active,database,RDS PostgreSQL gp3 storage,9.205479452054794520547945205,GB-month,0.138,1.270356,yes,20 GB UAT or 50 GB production with 30-day backup retention.
uat_14d_high,uat,fargate_rds,AWS,active,database,RDS surplus CPU credits,33.6,vCPU-hour,0.075,2.520000,yes,Explicit T4g unlimited-mode sensitivity; low and expected cases use zero because hosted CPU is unknown.
uat_14d_high,uat,fargate_rds,AWS,restore,database,Nightly RDS restore instance,56,instance-hour,0.025,1.400000,yes,Real same-class temporary restore every night; scenario duration ranges one to four hours.
uat_14d_high,uat,fargate_rds,AWS,restore,database,Nightly RDS restore storage,1.534246575342465753424657534,GB-month,0.138,0.211726,yes,Temporary same-size storage is prorated for restore runtime.
uat_14d_high,uat,fargate_rds,AWS,retained,database,RDS excess backup storage,20,GB-month,0.095,1.900000,yes,Scenario sensitivity because 30-day changed-block volume is not measured.
uat_14d_high,uat,fargate_rds,AWS,idle,sensitivity,IDLE_UAT_7_DAY_SENSITIVITY,1,total,6.716778082191780821917808219,6.716778,no,"Excluded seven-day idle infrastructure cost before retained KMS, ECR, and logs; RDS then restarts automatically."
uat_14d_high,uat,fargate_rds,AWS,sensitivity,network,ROUTE53_ADDITIONAL_BILLING_MONTH_SENSITIVITY,1,hosted-zone-month,0.50,0.500000,no,Excluded sensitivity for each additional Route 53 private hosted-zone billing month crossed by UAT.
uat_14d_high,uat,fargate_rds,AWS,sensitivity,network,PRIVATE_FARGATE_NAT_SENSITIVITY,1,total,27.494,27.494000,no,"Excluded gross NAT gateway and processing component, not a net private-topology increment; private tasks remove service and job IPs but require a NAT public IP."
uat_14d_high,uat,fargate_rds,AWS,setup,drill,Production-shape drill increment,1,total,0.2418082191780821917808219178,0.241808,yes,"Four-hour UAT sensitivity: host class delta plus a separate temporary production-size database, deleted after the drill; no in-place storage shrink assumed."
uat_14d_high,uat,fargate_rds,AWS,summary,summary,TOTAL_AWS,1,total,107.633856,107.633856,no,"Gross subtotal before allowances, discounts, credits, tax, and the conditional Enterprise license."
uat_14d_high,uat,fargate_rds,GitHub,summary,summary,TOTAL_GITHUB,1,total,2.407000,2.407000,no,"Gross subtotal before allowances, discounts, credits, tax, and the conditional Enterprise license."
uat_14d_high,uat,fargate_rds,All,summary,summary,TOTAL_GROSS,1,total,110.040856,110.040856,no,AWS plus gross GitHub usage; conditional Enterprise Cloud is excluded.
uat_stress,uat,ec2_rds,AWS,active,edge,CloudFront Asia viewer data,100,GB,0.12,12.000000,yes,All viewer bytes use the Asia first-tier gross rate.
uat_stress,uat,ec2_rds,AWS,active,edge,CloudFront HTTPS requests,10000000,request,0.0000012,12.000000,yes,Gross marginal price; no allowance deducted.
uat_stress,uat,ec2_rds,AWS,active,edge,CloudFront viewer function,10000000,request,0.0000001,1.000000,yes,Gross marginal price; no allowance deducted.
uat_stress,uat,ec2_rds,AWS,active,edge,CloudFront invalidation paths,1000,path,0.005,5.000000,yes,Publish and revocation sensitivity; gross marginal price before the monthly 1000-path allowance.
uat_stress,uat,ec2_rds,AWS,active,storage,Private media S3 storage,25,GB-month,0.025,0.625000,yes,S3 remains private and is reached only by Go in the same Region.
uat_stress,uat,ec2_rds,AWS,active,storage,S3 read requests,100000,request,0.0000004,0.040000,yes,"Request count is a workload input, not derived from HTTP requests."
uat_stress,uat,ec2_rds,AWS,active,storage,S3 write and list requests,10000,request,0.000005,0.050000,yes,"Request count is a workload input, not derived from HTTP requests."
uat_stress,uat,ec2_rds,AWS,active,observability,CloudWatch custom metrics,50,metric-month,0.30,15.000000,yes,Counts include the Phase 10 alarm inventory and standard ECS Container Insights estimate.
uat_stress,uat,ec2_rds,AWS,active,observability,CloudWatch standard alarms,18,alarm-month,0.10,1.800000,yes,Counts include the Phase 10 alarm inventory and standard ECS Container Insights estimate.
uat_stress,uat,ec2_rds,AWS,active,observability,CloudWatch dashboard,1,dashboard-month,3.00,3.000000,yes,Counts include the Phase 10 alarm inventory and standard ECS Container Insights estimate.
uat_stress,uat,ec2_rds,AWS,active,observability,CloudWatch log ingestion,10,GB,0.70,7.000000,yes,Counts include the Phase 10 alarm inventory and standard ECS Container Insights estimate.
uat_stress,uat,ec2_rds,AWS,active,observability,CloudWatch API requests,10000,request,0.00001,0.100000,yes,Counts include the Phase 10 alarm inventory and standard ECS Container Insights estimate.
uat_stress,uat,ec2_rds,AWS,active,observability,CloudWatch Logs Insights scans,100,GB,0.007,0.700000,yes,Counts include the Phase 10 alarm inventory and standard ECS Container Insights estimate.
uat_stress,uat,ec2_rds,AWS,retained,mail,Shared SES custom metrics,14,metric-month,0.30,4.200000,yes,Assumed existing shared-email inventory allocated across the UAT active-plus-retained horizon or one production month; verify during stack adoption.
uat_stress,uat,ec2_rds,AWS,retained,mail,Shared SES standard alarms,14,alarm-month,0.10,1.400000,yes,Assumed existing shared-email inventory allocated across the UAT active-plus-retained horizon or one production month; verify during stack adoption.
uat_stress,uat,ec2_rds,AWS,retained,observability,CloudWatch 180-day log storage,60,GB-month,0.03,1.800000,yes,UAT prices the full six-month retention liability for its run logs; production is steady-state at six monthly cohorts.
uat_stress,uat,ec2_rds,AWS,sensitivity,observability,UAT retained-log monthly run rate,10,GB-month,0.03,0.300000,no,One month of the six-month liability; excluded because the full liability is already included.
uat_stress,uat,ec2_rds,AWS,active,observability,Default CloudFront metrics in us-east-1,1,distribution-month,0,0.000000,yes,The 5xx alarm uses the standard metric; no additional CloudFront metrics are enabled.
uat_stress,uat,ec2_rds,AWS,active,observability,Additional CloudFront metrics in us-east-1,0,metric-month,0.30,0.000000,yes,Zero in the current plan; use the catalog rate if Task 10.9 enables any of the eight optional metrics.
uat_stress,uat,ec2_rds,AWS,active,jobs,Seven EventBridge Scheduler schedules,1680,invocation,0.00000125,0.002100,yes,"Two hourly, one weekly, three daily including restore, and one every six hours."
uat_stress,uat,ec2_rds,AWS,active,network,EC2-to-RDS cross-AZ transfer,10,GB,0.01,0.100000,yes,Aggregate bidirectional bytes; zero if Task 10 pins the active DB and host to the same AZ.
uat_stress,uat,ec2_rds,AWS,active,network,Non-CloudFront internet transfer out,10,GB,0.12,1.200000,yes,Explicit host/control-plane sensitivity; viewer traffic remains on CloudFront.
uat_stress,uat,ec2_rds,AWS,active,mail,SES recipients,5000,recipient,0.0001,0.500000,yes,The existing shared-email stack is adopted and persists outside UAT state.
uat_stress,uat,ec2_rds,AWS,active,mail,SNS alarm and feedback requests,500,request,0.0000005,0.000250,yes,The existing shared-email stack is adopted and persists outside UAT state.
uat_stress,uat,ec2_rds,AWS,active,mail,SNS alarm email deliveries,250,notification,0.00002,0.005000,yes,The existing shared-email stack is adopted and persists outside UAT state.
uat_stress,uat,ec2_rds,AWS,active,mail,SNS feedback delivery to SQS,250,notification,0,0.000000,yes,The existing shared-email stack is adopted and persists outside UAT state.
uat_stress,uat,ec2_rds,AWS,active,mail,SQS feedback queue requests,750,request,0.0000004,0.000300,yes,The existing shared-email stack is adopted and persists outside UAT state.
uat_stress,uat,ec2_rds,AWS,active,mail,SQS empty feedback polls,0,request,0.0000004,0.000000,yes,The existing shared-email stack is adopted and persists outside UAT state.
uat_stress,uat,ec2_rds,AWS,retained,security,Customer-managed KMS keys during active period,2,key-month,1.00,2.000000,yes,One state key plus one retained secrets key per created environment.
uat_stress,uat,ec2_rds,AWS,retained,security,Customer-managed KMS keys after UAT destroy,2,key-month,1.00,2.000000,yes,Bootstrap keys persist after synthetic UAT state is destroyed.
uat_stress,uat,ec2_rds,AWS,retained,security,Rotated KMS key material,0,key-version-month,1.00,0.000000,yes,Zero for fresh Phase 10 keys; first and second future rotations add one billable version per retained key.
uat_stress,uat,ec2_rds,AWS,active,security,KMS requests,7300,request,0.000003,0.021900,yes,Placeholder request count; verify from the UAT bill.
uat_stress,uat,ec2_rds,AWS,retained,registry-and-state,Shared ECR image storage,40,GB-month,0.10,4.000000,yes,Peak storage is charged across the UAT active-plus-retained horizon or one production month; the bootstrap resource persists outside disposable UAT state.
uat_stress,uat,ec2_rds,AWS,retained,registry-and-state,OpenTofu state bucket storage,0.2,GB-month,0.025,0.005000,yes,Peak storage is charged across the UAT active-plus-retained horizon or one production month; the bootstrap resource persists outside disposable UAT state.
uat_stress,uat,ec2_rds,AWS,setup,registry-and-state,ECR in-Region image transfer,120,GB,0,0.000000,yes,A conservative image-volume proxy; pushes into ECR and pulls to Singapore ECS or EC2 are free.
uat_stress,uat,ec2_rds,AWS,setup,registry-and-state,ECR external image pulls,0,GB,0.12,0.000000,yes,Zero baseline: native smoke uses its locally built image. Any later external pull must replace this input.
uat_stress,uat,ec2_rds,GitHub,setup,build,Public image build time budget,480,minute,0,0.000000,yes,One combined public-repository build-and-smoke job budgeted at four images times the scenario minutes; standard GitHub-hosted runners are free.
uat_stress,uat,ec2_rds,GitHub,setup,build,Public smoke time budget,120,minute,0,0.000000,yes,One native smoke pass within the combined public-repository build-and-smoke job; standard GitHub-hosted runners are free.
uat_stress,uat,ec2_rds,GitHub,setup,build,Public Actions artifacts,16.8,GB-month,0,0.000000,yes,"Prior artifact count, size, and retention assumptions retained in the public repository at a zero gross charge."
uat_stress,uat,ec2_rds,GitHub,setup,build,Public Actions cache,10,GB-month,0,0.000000,yes,Public cache peak is at or below the separate 10 GB per-repository allowance; no paid cache extension is configured.
uat_stress,uat,ec2_rds,GitHub,setup,build,Private standard ARM64 runners,480,minute,0.005,2.400000,yes,Residual private-repository gross sensitivity before shared account minute and artifact allowances; no private OCI artifact copies or cache baseline.
uat_stress,uat,ec2_rds,GitHub,setup,build,Private Actions metadata artifact,0.028,GB-month,0.25,0.007000,yes,Residual private-repository gross sensitivity before shared account minute and artifact allowances; no private OCI artifact copies or cache baseline.
uat_stress,uat,ec2_rds,GitHub,conditional,approval,GitHub Enterprise Cloud user,1,user-month,21.00,21.000000,no,"Excluded unresolved purchase. Private required reviewers are unavailable on Free, Pro, and Team."
uat_stress,uat,ec2_rds,AWS,active,compute,ECS EC2 Graviton host,730,instance-hour,0.0212,15.476000,yes,"t4g.small UAT or t4g.medium production, On-Demand, one host, no ALB."
uat_stress,uat,ec2_rds,AWS,active,compute,EC2 surplus CPU credits,73,vCPU-hour,0.04,2.920000,yes,Stress sensitivity assumes 0.1 vCPU above the two-vCPU 20% baseline for every active hour.
uat_stress,uat,ec2_rds,AWS,active,compute,EC2 root gp3 volume,30,GB-month,0.096,2.880000,yes,30 GB with included gp3 IOPS and throughput; no extra units.
uat_stress,uat,ec2_rds,AWS,active,network,Elastic IP public IPv4,730,IP-hour,0.005,3.650000,yes,One public IPv4 address on the single origin host.
uat_stress,uat,ec2_rds,AWS,active,database,RDS PostgreSQL primary instance,730,instance-hour,0.025,18.250000,yes,Single-AZ db.t4g.micro UAT or db.t4g.small production.
uat_stress,uat,ec2_rds,AWS,active,database,RDS PostgreSQL gp3 storage,20,GB-month,0.138,2.760000,yes,20 GB UAT or 50 GB production with 30-day backup retention.
uat_stress,uat,ec2_rds,AWS,active,database,RDS surplus CPU credits,73,vCPU-hour,0.075,5.475000,yes,Explicit T4g unlimited-mode sensitivity; low and expected cases use zero because hosted CPU is unknown.
uat_stress,uat,ec2_rds,AWS,restore,database,Nightly RDS restore instance,120,instance-hour,0.025,3.000000,yes,Real same-class temporary restore every night; scenario duration ranges one to four hours.
uat_stress,uat,ec2_rds,AWS,restore,database,Nightly RDS restore storage,3.287671232876712328767123288,GB-month,0.138,0.453699,yes,Temporary same-size storage is prorated for restore runtime.
uat_stress,uat,ec2_rds,AWS,retained,database,RDS excess backup storage,20,GB-month,0.095,1.900000,yes,Scenario sensitivity because 30-day changed-block volume is not measured.
uat_stress,uat,ec2_rds,AWS,idle,sensitivity,IDLE_UAT_7_DAY_SENSITIVITY,1,total,2.137972602739726027397260274,2.137973,no,"Excluded seven-day idle infrastructure cost before retained KMS, ECR, and logs; RDS then restarts automatically."
uat_stress,uat,ec2_rds,AWS,setup,drill,Production-shape drill increment,1,total,0.3266082191780821917808219178,0.326608,yes,"Four-hour UAT sensitivity: host class delta plus a separate temporary production-size database, deleted after the drill; no in-place storage shrink assumed."
uat_stress,uat,ec2_rds,AWS,summary,summary,TOTAL_AWS,1,total,132.640857,132.640857,no,"Gross subtotal before allowances, discounts, credits, tax, and the conditional Enterprise license."
uat_stress,uat,ec2_rds,GitHub,summary,summary,TOTAL_GITHUB,1,total,2.407000,2.407000,no,"Gross subtotal before allowances, discounts, credits, tax, and the conditional Enterprise license."
uat_stress,uat,ec2_rds,All,summary,summary,TOTAL_GROSS,1,total,135.047857,135.047857,no,AWS plus gross GitHub usage; conditional Enterprise Cloud is excluded.
uat_stress,uat,ec2_aurora,AWS,active,edge,CloudFront Asia viewer data,100,GB,0.12,12.000000,yes,All viewer bytes use the Asia first-tier gross rate.
uat_stress,uat,ec2_aurora,AWS,active,edge,CloudFront HTTPS requests,10000000,request,0.0000012,12.000000,yes,Gross marginal price; no allowance deducted.
uat_stress,uat,ec2_aurora,AWS,active,edge,CloudFront viewer function,10000000,request,0.0000001,1.000000,yes,Gross marginal price; no allowance deducted.
uat_stress,uat,ec2_aurora,AWS,active,edge,CloudFront invalidation paths,1000,path,0.005,5.000000,yes,Publish and revocation sensitivity; gross marginal price before the monthly 1000-path allowance.
uat_stress,uat,ec2_aurora,AWS,active,storage,Private media S3 storage,25,GB-month,0.025,0.625000,yes,S3 remains private and is reached only by Go in the same Region.
uat_stress,uat,ec2_aurora,AWS,active,storage,S3 read requests,100000,request,0.0000004,0.040000,yes,"Request count is a workload input, not derived from HTTP requests."
uat_stress,uat,ec2_aurora,AWS,active,storage,S3 write and list requests,10000,request,0.000005,0.050000,yes,"Request count is a workload input, not derived from HTTP requests."
uat_stress,uat,ec2_aurora,AWS,active,observability,CloudWatch custom metrics,50,metric-month,0.30,15.000000,yes,Counts include the Phase 10 alarm inventory and standard ECS Container Insights estimate.
uat_stress,uat,ec2_aurora,AWS,active,observability,CloudWatch standard alarms,18,alarm-month,0.10,1.800000,yes,Counts include the Phase 10 alarm inventory and standard ECS Container Insights estimate.
uat_stress,uat,ec2_aurora,AWS,active,observability,CloudWatch dashboard,1,dashboard-month,3.00,3.000000,yes,Counts include the Phase 10 alarm inventory and standard ECS Container Insights estimate.
uat_stress,uat,ec2_aurora,AWS,active,observability,CloudWatch log ingestion,10,GB,0.70,7.000000,yes,Counts include the Phase 10 alarm inventory and standard ECS Container Insights estimate.
uat_stress,uat,ec2_aurora,AWS,active,observability,CloudWatch API requests,10000,request,0.00001,0.100000,yes,Counts include the Phase 10 alarm inventory and standard ECS Container Insights estimate.
uat_stress,uat,ec2_aurora,AWS,active,observability,CloudWatch Logs Insights scans,100,GB,0.007,0.700000,yes,Counts include the Phase 10 alarm inventory and standard ECS Container Insights estimate.
uat_stress,uat,ec2_aurora,AWS,retained,mail,Shared SES custom metrics,14,metric-month,0.30,4.200000,yes,Assumed existing shared-email inventory allocated across the UAT active-plus-retained horizon or one production month; verify during stack adoption.
uat_stress,uat,ec2_aurora,AWS,retained,mail,Shared SES standard alarms,14,alarm-month,0.10,1.400000,yes,Assumed existing shared-email inventory allocated across the UAT active-plus-retained horizon or one production month; verify during stack adoption.
uat_stress,uat,ec2_aurora,AWS,retained,observability,CloudWatch 180-day log storage,60,GB-month,0.03,1.800000,yes,UAT prices the full six-month retention liability for its run logs; production is steady-state at six monthly cohorts.
uat_stress,uat,ec2_aurora,AWS,sensitivity,observability,UAT retained-log monthly run rate,10,GB-month,0.03,0.300000,no,One month of the six-month liability; excluded because the full liability is already included.
uat_stress,uat,ec2_aurora,AWS,active,observability,Default CloudFront metrics in us-east-1,1,distribution-month,0,0.000000,yes,The 5xx alarm uses the standard metric; no additional CloudFront metrics are enabled.
uat_stress,uat,ec2_aurora,AWS,active,observability,Additional CloudFront metrics in us-east-1,0,metric-month,0.30,0.000000,yes,Zero in the current plan; use the catalog rate if Task 10.9 enables any of the eight optional metrics.
uat_stress,uat,ec2_aurora,AWS,active,jobs,Seven EventBridge Scheduler schedules,1680,invocation,0.00000125,0.002100,yes,"Two hourly, one weekly, three daily including restore, and one every six hours."
uat_stress,uat,ec2_aurora,AWS,active,network,EC2-to-RDS cross-AZ transfer,10,GB,0.01,0.100000,yes,Aggregate bidirectional bytes; zero if Task 10 pins the active DB and host to the same AZ.
uat_stress,uat,ec2_aurora,AWS,active,network,Non-CloudFront internet transfer out,10,GB,0.12,1.200000,yes,Explicit host/control-plane sensitivity; viewer traffic remains on CloudFront.
uat_stress,uat,ec2_aurora,AWS,active,mail,SES recipients,5000,recipient,0.0001,0.500000,yes,The existing shared-email stack is adopted and persists outside UAT state.
uat_stress,uat,ec2_aurora,AWS,active,mail,SNS alarm and feedback requests,500,request,0.0000005,0.000250,yes,The existing shared-email stack is adopted and persists outside UAT state.
uat_stress,uat,ec2_aurora,AWS,active,mail,SNS alarm email deliveries,250,notification,0.00002,0.005000,yes,The existing shared-email stack is adopted and persists outside UAT state.
uat_stress,uat,ec2_aurora,AWS,active,mail,SNS feedback delivery to SQS,250,notification,0,0.000000,yes,The existing shared-email stack is adopted and persists outside UAT state.
uat_stress,uat,ec2_aurora,AWS,active,mail,SQS feedback queue requests,750,request,0.0000004,0.000300,yes,The existing shared-email stack is adopted and persists outside UAT state.
uat_stress,uat,ec2_aurora,AWS,active,mail,SQS empty feedback polls,0,request,0.0000004,0.000000,yes,The existing shared-email stack is adopted and persists outside UAT state.
uat_stress,uat,ec2_aurora,AWS,retained,security,Customer-managed KMS keys during active period,2,key-month,1.00,2.000000,yes,One state key plus one retained secrets key per created environment.
uat_stress,uat,ec2_aurora,AWS,retained,security,Customer-managed KMS keys after UAT destroy,2,key-month,1.00,2.000000,yes,Bootstrap keys persist after synthetic UAT state is destroyed.
uat_stress,uat,ec2_aurora,AWS,retained,security,Rotated KMS key material,0,key-version-month,1.00,0.000000,yes,Zero for fresh Phase 10 keys; first and second future rotations add one billable version per retained key.
uat_stress,uat,ec2_aurora,AWS,active,security,KMS requests,7300,request,0.000003,0.021900,yes,Placeholder request count; verify from the UAT bill.
uat_stress,uat,ec2_aurora,AWS,retained,registry-and-state,Shared ECR image storage,40,GB-month,0.10,4.000000,yes,Peak storage is charged across the UAT active-plus-retained horizon or one production month; the bootstrap resource persists outside disposable UAT state.
uat_stress,uat,ec2_aurora,AWS,retained,registry-and-state,OpenTofu state bucket storage,0.2,GB-month,0.025,0.005000,yes,Peak storage is charged across the UAT active-plus-retained horizon or one production month; the bootstrap resource persists outside disposable UAT state.
uat_stress,uat,ec2_aurora,AWS,setup,registry-and-state,ECR in-Region image transfer,120,GB,0,0.000000,yes,A conservative image-volume proxy; pushes into ECR and pulls to Singapore ECS or EC2 are free.
uat_stress,uat,ec2_aurora,AWS,setup,registry-and-state,ECR external image pulls,0,GB,0.12,0.000000,yes,Zero baseline: native smoke uses its locally built image. Any later external pull must replace this input.
uat_stress,uat,ec2_aurora,GitHub,setup,build,Public image build time budget,480,minute,0,0.000000,yes,One combined public-repository build-and-smoke job budgeted at four images times the scenario minutes; standard GitHub-hosted runners are free.
uat_stress,uat,ec2_aurora,GitHub,setup,build,Public smoke time budget,120,minute,0,0.000000,yes,One native smoke pass within the combined public-repository build-and-smoke job; standard GitHub-hosted runners are free.
uat_stress,uat,ec2_aurora,GitHub,setup,build,Public Actions artifacts,16.8,GB-month,0,0.000000,yes,"Prior artifact count, size, and retention assumptions retained in the public repository at a zero gross charge."
uat_stress,uat,ec2_aurora,GitHub,setup,build,Public Actions cache,10,GB-month,0,0.000000,yes,Public cache peak is at or below the separate 10 GB per-repository allowance; no paid cache extension is configured.
uat_stress,uat,ec2_aurora,GitHub,setup,build,Private standard ARM64 runners,480,minute,0.005,2.400000,yes,Residual private-repository gross sensitivity before shared account minute and artifact allowances; no private OCI artifact copies or cache baseline.
uat_stress,uat,ec2_aurora,GitHub,setup,build,Private Actions metadata artifact,0.028,GB-month,0.25,0.007000,yes,Residual private-repository gross sensitivity before shared account minute and artifact allowances; no private OCI artifact copies or cache baseline.
uat_stress,uat,ec2_aurora,GitHub,conditional,approval,GitHub Enterprise Cloud user,1,user-month,21.00,21.000000,no,"Excluded unresolved purchase. Private required reviewers are unavailable on Free, Pro, and Team."
uat_stress,uat,ec2_aurora,AWS,active,compute,ECS EC2 Graviton host,730,instance-hour,0.0212,15.476000,yes,"t4g.small UAT or t4g.medium production, On-Demand, one host, no ALB."
uat_stress,uat,ec2_aurora,AWS,active,compute,EC2 surplus CPU credits,73,vCPU-hour,0.04,2.920000,yes,Stress sensitivity assumes 0.1 vCPU above the two-vCPU 20% baseline for every active hour.
uat_stress,uat,ec2_aurora,AWS,active,compute,EC2 root gp3 volume,30,GB-month,0.096,2.880000,yes,30 GB with included gp3 IOPS and throughput; no extra units.
uat_stress,uat,ec2_aurora,AWS,active,network,Elastic IP public IPv4,730,IP-hour,0.005,3.650000,yes,One public IPv4 address on the single origin host.
uat_stress,uat,ec2_aurora,AWS,active,database,Aurora Serverless v2 primary capacity,1460,ACU-hour,0.20,292.000000,yes,Average ACU is an explicit scenario input; no auto-pause assumed.
uat_stress,uat,ec2_aurora,AWS,active,database,Aurora cluster storage,20,GB-month,0.11,2.200000,yes,Same provisioned data size as the RDS comparison.
uat_stress,uat,ec2_aurora,AWS,active,database,Aurora I/O,10000000,I/O,0.00000022,2.200000,yes,I/O is an explicit workload input because HTTP requests do not determine database I/O.
uat_stress,uat,ec2_aurora,AWS,restore,database,Nightly Aurora restore capacity,60.0,ACU-hour,0.20,12.000000,yes,Conditional equivalent assumes 0.5 ACU for the scenario restore duration.
uat_stress,uat,ec2_aurora,AWS,restore,database,Nightly Aurora restore storage,3.287671232876712328767123288,GB-month,0.11,0.361644,yes,Temporary cluster storage is prorated for restore runtime.
uat_stress,uat,ec2_aurora,AWS,retained,database,Aurora excess backup storage,20,GB-month,0.023,0.460000,yes,Scenario sensitivity because 30-day changed-block volume is not measured.
uat_stress,uat,ec2_aurora,AWS,idle,sensitivity,IDLE_UAT_7_DAY_SENSITIVITY,1,total,18.80909589041095890410958904,18.809096,no,"Excluded seven-day idle infrastructure cost before retained KMS, ECR, and logs; RDS then restarts automatically."
uat_stress,uat,ec2_aurora,AWS,setup,drill,Production-shape drill increment,1,total,0.4301369863013698630136986301,0.430137,yes,"Four-hour UAT sensitivity: host class delta plus a separate temporary production-size database, deleted after the drill; no in-place storage shrink assumed."
uat_stress,uat,ec2_aurora,AWS,summary,summary,TOTAL_AWS,1,total,410.127331,410.127331,no,"Gross subtotal before allowances, discounts, credits, tax, and the conditional Enterprise license."
uat_stress,uat,ec2_aurora,GitHub,summary,summary,TOTAL_GITHUB,1,total,2.407000,2.407000,no,"Gross subtotal before allowances, discounts, credits, tax, and the conditional Enterprise license."
uat_stress,uat,ec2_aurora,All,summary,summary,TOTAL_GROSS,1,total,412.534331,412.534331,no,AWS plus gross GitHub usage; conditional Enterprise Cloud is excluded.
uat_stress,uat,fargate_rds,AWS,active,edge,CloudFront Asia viewer data,100,GB,0.12,12.000000,yes,All viewer bytes use the Asia first-tier gross rate.
uat_stress,uat,fargate_rds,AWS,active,edge,CloudFront HTTPS requests,10000000,request,0.0000012,12.000000,yes,Gross marginal price; no allowance deducted.
uat_stress,uat,fargate_rds,AWS,active,edge,CloudFront viewer function,10000000,request,0.0000001,1.000000,yes,Gross marginal price; no allowance deducted.
uat_stress,uat,fargate_rds,AWS,active,edge,CloudFront invalidation paths,1000,path,0.005,5.000000,yes,Publish and revocation sensitivity; gross marginal price before the monthly 1000-path allowance.
uat_stress,uat,fargate_rds,AWS,active,storage,Private media S3 storage,25,GB-month,0.025,0.625000,yes,S3 remains private and is reached only by Go in the same Region.
uat_stress,uat,fargate_rds,AWS,active,storage,S3 read requests,100000,request,0.0000004,0.040000,yes,"Request count is a workload input, not derived from HTTP requests."
uat_stress,uat,fargate_rds,AWS,active,storage,S3 write and list requests,10000,request,0.000005,0.050000,yes,"Request count is a workload input, not derived from HTTP requests."
uat_stress,uat,fargate_rds,AWS,active,observability,CloudWatch custom metrics,50,metric-month,0.30,15.000000,yes,Counts include the Phase 10 alarm inventory and standard ECS Container Insights estimate.
uat_stress,uat,fargate_rds,AWS,active,observability,CloudWatch standard alarms,18,alarm-month,0.10,1.800000,yes,Counts include the Phase 10 alarm inventory and standard ECS Container Insights estimate.
uat_stress,uat,fargate_rds,AWS,active,observability,CloudWatch dashboard,1,dashboard-month,3.00,3.000000,yes,Counts include the Phase 10 alarm inventory and standard ECS Container Insights estimate.
uat_stress,uat,fargate_rds,AWS,active,observability,CloudWatch log ingestion,10,GB,0.70,7.000000,yes,Counts include the Phase 10 alarm inventory and standard ECS Container Insights estimate.
uat_stress,uat,fargate_rds,AWS,active,observability,CloudWatch API requests,10000,request,0.00001,0.100000,yes,Counts include the Phase 10 alarm inventory and standard ECS Container Insights estimate.
uat_stress,uat,fargate_rds,AWS,active,observability,CloudWatch Logs Insights scans,100,GB,0.007,0.700000,yes,Counts include the Phase 10 alarm inventory and standard ECS Container Insights estimate.
uat_stress,uat,fargate_rds,AWS,retained,mail,Shared SES custom metrics,14,metric-month,0.30,4.200000,yes,Assumed existing shared-email inventory allocated across the UAT active-plus-retained horizon or one production month; verify during stack adoption.
uat_stress,uat,fargate_rds,AWS,retained,mail,Shared SES standard alarms,14,alarm-month,0.10,1.400000,yes,Assumed existing shared-email inventory allocated across the UAT active-plus-retained horizon or one production month; verify during stack adoption.
uat_stress,uat,fargate_rds,AWS,retained,observability,CloudWatch 180-day log storage,60,GB-month,0.03,1.800000,yes,UAT prices the full six-month retention liability for its run logs; production is steady-state at six monthly cohorts.
uat_stress,uat,fargate_rds,AWS,sensitivity,observability,UAT retained-log monthly run rate,10,GB-month,0.03,0.300000,no,One month of the six-month liability; excluded because the full liability is already included.
uat_stress,uat,fargate_rds,AWS,active,observability,Default CloudFront metrics in us-east-1,1,distribution-month,0,0.000000,yes,The 5xx alarm uses the standard metric; no additional CloudFront metrics are enabled.
uat_stress,uat,fargate_rds,AWS,active,observability,Additional CloudFront metrics in us-east-1,0,metric-month,0.30,0.000000,yes,Zero in the current plan; use the catalog rate if Task 10.9 enables any of the eight optional metrics.
uat_stress,uat,fargate_rds,AWS,active,jobs,Seven EventBridge Scheduler schedules,1680,invocation,0.00000125,0.002100,yes,"Two hourly, one weekly, three daily including restore, and one every six hours."
uat_stress,uat,fargate_rds,AWS,active,network,EC2-to-RDS cross-AZ transfer,10,GB,0.01,0.100000,yes,Aggregate bidirectional bytes; zero if Task 10 pins the active DB and host to the same AZ.
uat_stress,uat,fargate_rds,AWS,active,network,Non-CloudFront internet transfer out,10,GB,0.12,1.200000,yes,Explicit host/control-plane sensitivity; viewer traffic remains on CloudFront.
uat_stress,uat,fargate_rds,AWS,active,mail,SES recipients,5000,recipient,0.0001,0.500000,yes,The existing shared-email stack is adopted and persists outside UAT state.
uat_stress,uat,fargate_rds,AWS,active,mail,SNS alarm and feedback requests,500,request,0.0000005,0.000250,yes,The existing shared-email stack is adopted and persists outside UAT state.
uat_stress,uat,fargate_rds,AWS,active,mail,SNS alarm email deliveries,250,notification,0.00002,0.005000,yes,The existing shared-email stack is adopted and persists outside UAT state.
uat_stress,uat,fargate_rds,AWS,active,mail,SNS feedback delivery to SQS,250,notification,0,0.000000,yes,The existing shared-email stack is adopted and persists outside UAT state.
uat_stress,uat,fargate_rds,AWS,active,mail,SQS feedback queue requests,750,request,0.0000004,0.000300,yes,The existing shared-email stack is adopted and persists outside UAT state.
uat_stress,uat,fargate_rds,AWS,active,mail,SQS empty feedback polls,0,request,0.0000004,0.000000,yes,The existing shared-email stack is adopted and persists outside UAT state.
uat_stress,uat,fargate_rds,AWS,retained,security,Customer-managed KMS keys during active period,2,key-month,1.00,2.000000,yes,One state key plus one retained secrets key per created environment.
uat_stress,uat,fargate_rds,AWS,retained,security,Customer-managed KMS keys after UAT destroy,2,key-month,1.00,2.000000,yes,Bootstrap keys persist after synthetic UAT state is destroyed.
uat_stress,uat,fargate_rds,AWS,retained,security,Rotated KMS key material,0,key-version-month,1.00,0.000000,yes,Zero for fresh Phase 10 keys; first and second future rotations add one billable version per retained key.
uat_stress,uat,fargate_rds,AWS,active,security,KMS requests,7300,request,0.000003,0.021900,yes,Placeholder request count; verify from the UAT bill.
uat_stress,uat,fargate_rds,AWS,retained,registry-and-state,Shared ECR image storage,40,GB-month,0.10,4.000000,yes,Peak storage is charged across the UAT active-plus-retained horizon or one production month; the bootstrap resource persists outside disposable UAT state.
uat_stress,uat,fargate_rds,AWS,retained,registry-and-state,OpenTofu state bucket storage,0.2,GB-month,0.025,0.005000,yes,Peak storage is charged across the UAT active-plus-retained horizon or one production month; the bootstrap resource persists outside disposable UAT state.
uat_stress,uat,fargate_rds,AWS,setup,registry-and-state,ECR in-Region image transfer,120,GB,0,0.000000,yes,A conservative image-volume proxy; pushes into ECR and pulls to Singapore ECS or EC2 are free.
uat_stress,uat,fargate_rds,AWS,setup,registry-and-state,ECR external image pulls,0,GB,0.12,0.000000,yes,Zero baseline: native smoke uses its locally built image. Any later external pull must replace this input.
uat_stress,uat,fargate_rds,GitHub,setup,build,Public image build time budget,480,minute,0,0.000000,yes,One combined public-repository build-and-smoke job budgeted at four images times the scenario minutes; standard GitHub-hosted runners are free.
uat_stress,uat,fargate_rds,GitHub,setup,build,Public smoke time budget,120,minute,0,0.000000,yes,One native smoke pass within the combined public-repository build-and-smoke job; standard GitHub-hosted runners are free.
uat_stress,uat,fargate_rds,GitHub,setup,build,Public Actions artifacts,16.8,GB-month,0,0.000000,yes,"Prior artifact count, size, and retention assumptions retained in the public repository at a zero gross charge."
uat_stress,uat,fargate_rds,GitHub,setup,build,Public Actions cache,10,GB-month,0,0.000000,yes,Public cache peak is at or below the separate 10 GB per-repository allowance; no paid cache extension is configured.
uat_stress,uat,fargate_rds,GitHub,setup,build,Private standard ARM64 runners,480,minute,0.005,2.400000,yes,Residual private-repository gross sensitivity before shared account minute and artifact allowances; no private OCI artifact copies or cache baseline.
uat_stress,uat,fargate_rds,GitHub,setup,build,Private Actions metadata artifact,0.028,GB-month,0.25,0.007000,yes,Residual private-repository gross sensitivity before shared account minute and artifact allowances; no private OCI artifact copies or cache baseline.
uat_stress,uat,fargate_rds,GitHub,conditional,approval,GitHub Enterprise Cloud user,1,user-month,21.00,21.000000,no,"Excluded unresolved purchase. Private required reviewers are unavailable on Free, Pro, and Team."
uat_stress,uat,fargate_rds,AWS,active,compute,Fargate ARM application vCPU,547.50,vCPU-hour,0.04045,22.146375,yes,Conditional redesign estimate; not a deployable form of the accepted contract.
uat_stress,uat,fargate_rds,AWS,active,compute,Fargate ARM application memory,1095.0,GB-hour,0.00442,4.839900,yes,Conditional redesign estimate; not a deployable form of the accepted contract.
uat_stress,uat,fargate_rds,AWS,active,network,Single-AZ NLB,730,nlb-hour,0.0252,18.396000,yes,Conditional redesign estimate; not a deployable form of the accepted contract.
uat_stress,uat,fargate_rds,AWS,active,network,One NLB capacity unit,730,NLCU-hour,0.006,4.380000,yes,Conditional redesign estimate; not a deployable form of the accepted contract.
uat_stress,uat,fargate_rds,AWS,active,network,Public IPv4 addresses,2190,IP-hour,0.005,10.950000,yes,Conditional redesign estimate; not a deployable form of the accepted contract.
uat_stress,uat,fargate_rds,AWS,active,network,Route 53 private discovery zone,1,hosted-zone-month,0.50,0.500000,yes,Conditional redesign estimate; not a deployable form of the accepted contract.
uat_stress,uat,fargate_rds,AWS,active,network,Route 53 discovery queries,10000000,query,0,0.000000,yes,Conditional redesign estimate; not a deployable form of the accepted contract.
uat_stress,uat,fargate_rds,AWS,restore-and-jobs,jobs,Fargate scheduled-job vCPU,64.45833333333333333333333332,vCPU-hour,0.04045,2.607340,yes,Per-run duration includes the task waiting through the nightly restore; each public task uses one ephemeral public IPv4 for that duration.
uat_stress,uat,fargate_rds,AWS,restore-and-jobs,jobs,Fargate scheduled-job memory,128.9166666666666666666666666,GB-hour,0.00442,0.569812,yes,Per-run duration includes the task waiting through the nightly restore; each public task uses one ephemeral public IPv4 for that duration.
uat_stress,uat,fargate_rds,AWS,restore-and-jobs,jobs,Fargate scheduled-job public IPv4,257.8333333333333333333333333,IP-hour,0.005,1.289167,yes,Per-run duration includes the task waiting through the nightly restore; each public task uses one ephemeral public IPv4 for that duration.
uat_stress,uat,fargate_rds,AWS,active,database,RDS PostgreSQL primary instance,730,instance-hour,0.025,18.250000,yes,Single-AZ db.t4g.micro UAT or db.t4g.small production.
uat_stress,uat,fargate_rds,AWS,active,database,RDS PostgreSQL gp3 storage,20,GB-month,0.138,2.760000,yes,20 GB UAT or 50 GB production with 30-day backup retention.
uat_stress,uat,fargate_rds,AWS,active,database,RDS surplus CPU credits,73,vCPU-hour,0.075,5.475000,yes,Explicit T4g unlimited-mode sensitivity; low and expected cases use zero because hosted CPU is unknown.
uat_stress,uat,fargate_rds,AWS,restore,database,Nightly RDS restore instance,120,instance-hour,0.025,3.000000,yes,Real same-class temporary restore every night; scenario duration ranges one to four hours.
uat_stress,uat,fargate_rds,AWS,restore,database,Nightly RDS restore storage,3.287671232876712328767123288,GB-month,0.138,0.453699,yes,Temporary same-size storage is prorated for restore runtime.
uat_stress,uat,fargate_rds,AWS,retained,database,RDS excess backup storage,20,GB-month,0.095,1.900000,yes,Scenario sensitivity because 30-day changed-block volume is not measured.
uat_stress,uat,fargate_rds,AWS,idle,sensitivity,IDLE_UAT_7_DAY_SENSITIVITY,1,total,6.716778082191780821917808219,6.716778,no,"Excluded seven-day idle infrastructure cost before retained KMS, ECR, and logs; RDS then restarts automatically."
uat_stress,uat,fargate_rds,AWS,sensitivity,network,ROUTE53_ADDITIONAL_BILLING_MONTH_SENSITIVITY,1,hosted-zone-month,0.50,0.500000,no,Excluded sensitivity for each additional Route 53 private hosted-zone billing month crossed by UAT.
uat_stress,uat,fargate_rds,AWS,sensitivity,network,PRIVATE_FARGATE_NAT_SENSITIVITY,1,total,50.740,50.740000,no,"Excluded gross NAT gateway and processing component, not a net private-topology increment; private tasks remove service and job IPs but require a NAT public IP."
uat_stress,uat,fargate_rds,AWS,setup,drill,Production-shape drill increment,1,total,0.2418082191780821917808219178,0.241808,yes,"Four-hour UAT sensitivity: host class delta plus a separate temporary production-size database, deleted after the drill; no in-place storage shrink assumed."
uat_stress,uat,fargate_rds,AWS,summary,summary,TOTAL_AWS,1,total,173.308651,173.308651,no,"Gross subtotal before allowances, discounts, credits, tax, and the conditional Enterprise license."
uat_stress,uat,fargate_rds,GitHub,summary,summary,TOTAL_GITHUB,1,total,2.407000,2.407000,no,"Gross subtotal before allowances, discounts, credits, tax, and the conditional Enterprise license."
uat_stress,uat,fargate_rds,All,summary,summary,TOTAL_GROSS,1,total,175.715651,175.715651,no,AWS plus gross GitHub usage; conditional Enterprise Cloud is excluded.
production_low,production,ec2_rds,AWS,active,edge,CloudFront Asia viewer data,10,GB,0.12,1.200000,yes,All viewer bytes use the Asia first-tier gross rate.
production_low,production,ec2_rds,AWS,active,edge,CloudFront HTTPS requests,1000000,request,0.0000012,1.200000,yes,Gross marginal price; no allowance deducted.
production_low,production,ec2_rds,AWS,active,edge,CloudFront viewer function,1000000,request,0.0000001,0.100000,yes,Gross marginal price; no allowance deducted.
production_low,production,ec2_rds,AWS,active,edge,CloudFront invalidation paths,100,path,0.005,0.500000,yes,Publish and revocation sensitivity; gross marginal price before the monthly 1000-path allowance.
production_low,production,ec2_rds,AWS,active,storage,Private media S3 storage,5,GB-month,0.025,0.125000,yes,S3 remains private and is reached only by Go in the same Region.
production_low,production,ec2_rds,AWS,active,storage,S3 read requests,10000,request,0.0000004,0.004000,yes,"Request count is a workload input, not derived from HTTP requests."
production_low,production,ec2_rds,AWS,active,storage,S3 write and list requests,1000,request,0.000005,0.005000,yes,"Request count is a workload input, not derived from HTTP requests."
production_low,production,ec2_rds,AWS,active,observability,CloudWatch custom metrics,50,metric-month,0.30,15.000000,yes,Counts include the Phase 10 alarm inventory and standard ECS Container Insights estimate.
production_low,production,ec2_rds,AWS,active,observability,CloudWatch standard alarms,18,alarm-month,0.10,1.800000,yes,Counts include the Phase 10 alarm inventory and standard ECS Container Insights estimate.
production_low,production,ec2_rds,AWS,active,observability,CloudWatch dashboard,1,dashboard-month,3.00,3.000000,yes,Counts include the Phase 10 alarm inventory and standard ECS Container Insights estimate.
production_low,production,ec2_rds,AWS,active,observability,CloudWatch log ingestion,2,GB,0.70,1.400000,yes,Counts include the Phase 10 alarm inventory and standard ECS Container Insights estimate.
production_low,production,ec2_rds,AWS,active,observability,CloudWatch API requests,1000,request,0.00001,0.010000,yes,Counts include the Phase 10 alarm inventory and standard ECS Container Insights estimate.
production_low,production,ec2_rds,AWS,active,observability,CloudWatch Logs Insights scans,10,GB,0.007,0.070000,yes,Counts include the Phase 10 alarm inventory and standard ECS Container Insights estimate.
production_low,production,ec2_rds,AWS,retained,mail,Shared SES custom metrics,7,metric-month,0.30,2.100000,yes,Assumed existing shared-email inventory allocated across the UAT active-plus-retained horizon or one production month; verify during stack adoption.
production_low,production,ec2_rds,AWS,retained,mail,Shared SES standard alarms,7,alarm-month,0.10,0.700000,yes,Assumed existing shared-email inventory allocated across the UAT active-plus-retained horizon or one production month; verify during stack adoption.
production_low,production,ec2_rds,AWS,retained,observability,CloudWatch 180-day log storage,12,GB-month,0.03,0.360000,yes,UAT prices the full six-month retention liability for its run logs; production is steady-state at six monthly cohorts.
production_low,production,ec2_rds,AWS,active,observability,Default CloudFront metrics in us-east-1,1,distribution-month,0,0.000000,yes,The 5xx alarm uses the standard metric; no additional CloudFront metrics are enabled.
production_low,production,ec2_rds,AWS,active,observability,Additional CloudFront metrics in us-east-1,0,metric-month,0.30,0.000000,yes,Zero in the current plan; use the catalog rate if Task 10.9 enables any of the eight optional metrics.
production_low,production,ec2_rds,AWS,active,jobs,Seven EventBridge Scheduler schedules,1680,invocation,0.00000125,0.002100,yes,"Two hourly, one weekly, three daily including restore, and one every six hours."
production_low,production,ec2_rds,AWS,active,network,EC2-to-RDS cross-AZ transfer,1,GB,0.01,0.010000,yes,Aggregate bidirectional bytes; zero if Task 10 pins the active DB and host to the same AZ.
production_low,production,ec2_rds,AWS,active,network,Non-CloudFront internet transfer out,1,GB,0.12,0.120000,yes,Explicit host/control-plane sensitivity; viewer traffic remains on CloudFront.
production_low,production,ec2_rds,AWS,active,mail,SES recipients,1000,recipient,0.0001,0.100000,yes,The existing shared-email stack is adopted and persists outside UAT state.
production_low,production,ec2_rds,AWS,active,mail,SNS alarm and feedback requests,75,request,0.0000005,0.000038,yes,The existing shared-email stack is adopted and persists outside UAT state.
production_low,production,ec2_rds,AWS,active,mail,SNS alarm email deliveries,25,notification,0.00002,0.000500,yes,The existing shared-email stack is adopted and persists outside UAT state.
production_low,production,ec2_rds,AWS,active,mail,SNS feedback delivery to SQS,50,notification,0,0.000000,yes,The existing shared-email stack is adopted and persists outside UAT state.
production_low,production,ec2_rds,AWS,active,mail,SQS feedback queue requests,150,request,0.0000004,0.000060,yes,The existing shared-email stack is adopted and persists outside UAT state.
production_low,production,ec2_rds,AWS,active,mail,SQS empty feedback polls,0,request,0.0000004,0.000000,yes,The existing shared-email stack is adopted and persists outside UAT state.
production_low,production,ec2_rds,AWS,retained,security,Customer-managed KMS keys during active period,3,key-month,1.00,3.000000,yes,One state key plus one retained secrets key per created environment.
production_low,production,ec2_rds,AWS,retained,security,Rotated KMS key material,0,key-version-month,1.00,0.000000,yes,Zero for fresh Phase 10 keys; first and second future rotations add one billable version per retained key.
production_low,production,ec2_rds,AWS,active,security,KMS requests,7300,request,0.000003,0.021900,yes,Placeholder request count; verify from the UAT bill.
production_low,production,ec2_rds,AWS,retained,registry-and-state,Shared ECR image storage,6,GB-month,0.10,0.600000,yes,Peak storage is charged across the UAT active-plus-retained horizon or one production month; the bootstrap resource persists outside disposable UAT state.
production_low,production,ec2_rds,AWS,retained,registry-and-state,OpenTofu state bucket storage,0.1,GB-month,0.025,0.002500,yes,Peak storage is charged across the UAT active-plus-retained horizon or one production month; the bootstrap resource persists outside disposable UAT state.
production_low,production,ec2_rds,AWS,setup,registry-and-state,ECR in-Region image transfer,12,GB,0,0.000000,yes,A conservative image-volume proxy; pushes into ECR and pulls to Singapore ECS or EC2 are free.
production_low,production,ec2_rds,AWS,setup,registry-and-state,ECR external image pulls,0,GB,0.12,0.000000,yes,Zero baseline: native smoke uses its locally built image. Any later external pull must replace this input.
production_low,production,ec2_rds,GitHub,setup,build,Public image build time budget,120,minute,0,0.000000,yes,One combined public-repository build-and-smoke job budgeted at four images times the scenario minutes; standard GitHub-hosted runners are free.
production_low,production,ec2_rds,GitHub,setup,build,Public smoke time budget,30,minute,0,0.000000,yes,One native smoke pass within the combined public-repository build-and-smoke job; standard GitHub-hosted runners are free.
production_low,production,ec2_rds,GitHub,setup,build,Public Actions artifacts,5.6,GB-month,0,0.000000,yes,"Prior artifact count, size, and retention assumptions retained in the public repository at a zero gross charge."
production_low,production,ec2_rds,GitHub,setup,build,Public Actions cache,8,GB-month,0,0.000000,yes,Public cache peak is at or below the separate 10 GB per-repository allowance; no paid cache extension is configured.
production_low,production,ec2_rds,GitHub,setup,build,Private standard ARM64 runners,120,minute,0.005,0.600000,yes,Residual private-repository gross sensitivity before shared account minute and artifact allowances; no private OCI artifact copies or cache baseline.
production_low,production,ec2_rds,GitHub,setup,build,Private Actions metadata artifact,0.009333333333333333333333333333,GB-month,0.25,0.002333,yes,Residual private-repository gross sensitivity before shared account minute and artifact allowances; no private OCI artifact copies or cache baseline.
production_low,production,ec2_rds,GitHub,conditional,approval,GitHub Enterprise Cloud user,1,user-month,21.00,21.000000,no,"Excluded unresolved purchase. Private required reviewers are unavailable on Free, Pro, and Team."
production_low,production,ec2_rds,AWS,active,compute,ECS EC2 Graviton host,730,instance-hour,0.0424,30.952000,yes,"t4g.small UAT or t4g.medium production, On-Demand, one host, no ALB."
production_low,production,ec2_rds,AWS,active,compute,EC2 surplus CPU credits,0,vCPU-hour,0.04,0.000000,yes,Stress sensitivity assumes 0.1 vCPU above the two-vCPU 20% baseline for every active hour.
production_low,production,ec2_rds,AWS,active,compute,EC2 root gp3 volume,30,GB-month,0.096,2.880000,yes,30 GB with included gp3 IOPS and throughput; no extra units.
production_low,production,ec2_rds,AWS,active,network,Elastic IP public IPv4,730,IP-hour,0.005,3.650000,yes,One public IPv4 address on the single origin host.
production_low,production,ec2_rds,AWS,active,database,RDS PostgreSQL primary instance,730,instance-hour,0.051,37.230000,yes,Single-AZ db.t4g.micro UAT or db.t4g.small production.
production_low,production,ec2_rds,AWS,active,database,RDS PostgreSQL gp3 storage,50,GB-month,0.138,6.900000,yes,20 GB UAT or 50 GB production with 30-day backup retention.
production_low,production,ec2_rds,AWS,active,database,RDS surplus CPU credits,0,vCPU-hour,0.075,0.000000,yes,Explicit T4g unlimited-mode sensitivity; low and expected cases use zero because hosted CPU is unknown.
production_low,production,ec2_rds,AWS,restore,database,Nightly RDS restore instance,30,instance-hour,0.051,1.530000,yes,Real same-class temporary restore every night; scenario duration ranges one to four hours.
production_low,production,ec2_rds,AWS,restore,database,Nightly RDS restore storage,2.054794520547945205479452055,GB-month,0.138,0.283562,yes,Temporary same-size storage is prorated for restore runtime.
production_low,production,ec2_rds,AWS,retained,database,RDS excess backup storage,0,GB-month,0.095,0.000000,yes,Scenario sensitivity because 30-day changed-block volume is not measured.
production_low,production,ec2_rds,AWS,summary,summary,TOTAL_AWS,1,total,114.856660,114.856660,no,"Gross subtotal before allowances, discounts, credits, tax, and the conditional Enterprise license."
production_low,production,ec2_rds,GitHub,summary,summary,TOTAL_GITHUB,1,total,0.602333,0.602333,no,"Gross subtotal before allowances, discounts, credits, tax, and the conditional Enterprise license."
production_low,production,ec2_rds,All,summary,summary,TOTAL_GROSS,1,total,115.458993,115.458993,no,AWS plus gross GitHub usage; conditional Enterprise Cloud is excluded.
production_low,production,ec2_aurora,AWS,active,edge,CloudFront Asia viewer data,10,GB,0.12,1.200000,yes,All viewer bytes use the Asia first-tier gross rate.
production_low,production,ec2_aurora,AWS,active,edge,CloudFront HTTPS requests,1000000,request,0.0000012,1.200000,yes,Gross marginal price; no allowance deducted.
production_low,production,ec2_aurora,AWS,active,edge,CloudFront viewer function,1000000,request,0.0000001,0.100000,yes,Gross marginal price; no allowance deducted.
production_low,production,ec2_aurora,AWS,active,edge,CloudFront invalidation paths,100,path,0.005,0.500000,yes,Publish and revocation sensitivity; gross marginal price before the monthly 1000-path allowance.
production_low,production,ec2_aurora,AWS,active,storage,Private media S3 storage,5,GB-month,0.025,0.125000,yes,S3 remains private and is reached only by Go in the same Region.
production_low,production,ec2_aurora,AWS,active,storage,S3 read requests,10000,request,0.0000004,0.004000,yes,"Request count is a workload input, not derived from HTTP requests."
production_low,production,ec2_aurora,AWS,active,storage,S3 write and list requests,1000,request,0.000005,0.005000,yes,"Request count is a workload input, not derived from HTTP requests."
production_low,production,ec2_aurora,AWS,active,observability,CloudWatch custom metrics,50,metric-month,0.30,15.000000,yes,Counts include the Phase 10 alarm inventory and standard ECS Container Insights estimate.
production_low,production,ec2_aurora,AWS,active,observability,CloudWatch standard alarms,18,alarm-month,0.10,1.800000,yes,Counts include the Phase 10 alarm inventory and standard ECS Container Insights estimate.
production_low,production,ec2_aurora,AWS,active,observability,CloudWatch dashboard,1,dashboard-month,3.00,3.000000,yes,Counts include the Phase 10 alarm inventory and standard ECS Container Insights estimate.
production_low,production,ec2_aurora,AWS,active,observability,CloudWatch log ingestion,2,GB,0.70,1.400000,yes,Counts include the Phase 10 alarm inventory and standard ECS Container Insights estimate.
production_low,production,ec2_aurora,AWS,active,observability,CloudWatch API requests,1000,request,0.00001,0.010000,yes,Counts include the Phase 10 alarm inventory and standard ECS Container Insights estimate.
production_low,production,ec2_aurora,AWS,active,observability,CloudWatch Logs Insights scans,10,GB,0.007,0.070000,yes,Counts include the Phase 10 alarm inventory and standard ECS Container Insights estimate.
production_low,production,ec2_aurora,AWS,retained,mail,Shared SES custom metrics,7,metric-month,0.30,2.100000,yes,Assumed existing shared-email inventory allocated across the UAT active-plus-retained horizon or one production month; verify during stack adoption.
production_low,production,ec2_aurora,AWS,retained,mail,Shared SES standard alarms,7,alarm-month,0.10,0.700000,yes,Assumed existing shared-email inventory allocated across the UAT active-plus-retained horizon or one production month; verify during stack adoption.
production_low,production,ec2_aurora,AWS,retained,observability,CloudWatch 180-day log storage,12,GB-month,0.03,0.360000,yes,UAT prices the full six-month retention liability for its run logs; production is steady-state at six monthly cohorts.
production_low,production,ec2_aurora,AWS,active,observability,Default CloudFront metrics in us-east-1,1,distribution-month,0,0.000000,yes,The 5xx alarm uses the standard metric; no additional CloudFront metrics are enabled.
production_low,production,ec2_aurora,AWS,active,observability,Additional CloudFront metrics in us-east-1,0,metric-month,0.30,0.000000,yes,Zero in the current plan; use the catalog rate if Task 10.9 enables any of the eight optional metrics.
production_low,production,ec2_aurora,AWS,active,jobs,Seven EventBridge Scheduler schedules,1680,invocation,0.00000125,0.002100,yes,"Two hourly, one weekly, three daily including restore, and one every six hours."
production_low,production,ec2_aurora,AWS,active,network,EC2-to-RDS cross-AZ transfer,1,GB,0.01,0.010000,yes,Aggregate bidirectional bytes; zero if Task 10 pins the active DB and host to the same AZ.
production_low,production,ec2_aurora,AWS,active,network,Non-CloudFront internet transfer out,1,GB,0.12,0.120000,yes,Explicit host/control-plane sensitivity; viewer traffic remains on CloudFront.
production_low,production,ec2_aurora,AWS,active,mail,SES recipients,1000,recipient,0.0001,0.100000,yes,The existing shared-email stack is adopted and persists outside UAT state.
production_low,production,ec2_aurora,AWS,active,mail,SNS alarm and feedback requests,75,request,0.0000005,0.000038,yes,The existing shared-email stack is adopted and persists outside UAT state.
production_low,production,ec2_aurora,AWS,active,mail,SNS alarm email deliveries,25,notification,0.00002,0.000500,yes,The existing shared-email stack is adopted and persists outside UAT state.
production_low,production,ec2_aurora,AWS,active,mail,SNS feedback delivery to SQS,50,notification,0,0.000000,yes,The existing shared-email stack is adopted and persists outside UAT state.
production_low,production,ec2_aurora,AWS,active,mail,SQS feedback queue requests,150,request,0.0000004,0.000060,yes,The existing shared-email stack is adopted and persists outside UAT state.
production_low,production,ec2_aurora,AWS,active,mail,SQS empty feedback polls,0,request,0.0000004,0.000000,yes,The existing shared-email stack is adopted and persists outside UAT state.
production_low,production,ec2_aurora,AWS,retained,security,Customer-managed KMS keys during active period,3,key-month,1.00,3.000000,yes,One state key plus one retained secrets key per created environment.
production_low,production,ec2_aurora,AWS,retained,security,Rotated KMS key material,0,key-version-month,1.00,0.000000,yes,Zero for fresh Phase 10 keys; first and second future rotations add one billable version per retained key.
production_low,production,ec2_aurora,AWS,active,security,KMS requests,7300,request,0.000003,0.021900,yes,Placeholder request count; verify from the UAT bill.
production_low,production,ec2_aurora,AWS,retained,registry-and-state,Shared ECR image storage,6,GB-month,0.10,0.600000,yes,Peak storage is charged across the UAT active-plus-retained horizon or one production month; the bootstrap resource persists outside disposable UAT state.
production_low,production,ec2_aurora,AWS,retained,registry-and-state,OpenTofu state bucket storage,0.1,GB-month,0.025,0.002500,yes,Peak storage is charged across the UAT active-plus-retained horizon or one production month; the bootstrap resource persists outside disposable UAT state.
production_low,production,ec2_aurora,AWS,setup,registry-and-state,ECR in-Region image transfer,12,GB,0,0.000000,yes,A conservative image-volume proxy; pushes into ECR and pulls to Singapore ECS or EC2 are free.
production_low,production,ec2_aurora,AWS,setup,registry-and-state,ECR external image pulls,0,GB,0.12,0.000000,yes,Zero baseline: native smoke uses its locally built image. Any later external pull must replace this input.
production_low,production,ec2_aurora,GitHub,setup,build,Public image build time budget,120,minute,0,0.000000,yes,One combined public-repository build-and-smoke job budgeted at four images times the scenario minutes; standard GitHub-hosted runners are free.
production_low,production,ec2_aurora,GitHub,setup,build,Public smoke time budget,30,minute,0,0.000000,yes,One native smoke pass within the combined public-repository build-and-smoke job; standard GitHub-hosted runners are free.
production_low,production,ec2_aurora,GitHub,setup,build,Public Actions artifacts,5.6,GB-month,0,0.000000,yes,"Prior artifact count, size, and retention assumptions retained in the public repository at a zero gross charge."
production_low,production,ec2_aurora,GitHub,setup,build,Public Actions cache,8,GB-month,0,0.000000,yes,Public cache peak is at or below the separate 10 GB per-repository allowance; no paid cache extension is configured.
production_low,production,ec2_aurora,GitHub,setup,build,Private standard ARM64 runners,120,minute,0.005,0.600000,yes,Residual private-repository gross sensitivity before shared account minute and artifact allowances; no private OCI artifact copies or cache baseline.
production_low,production,ec2_aurora,GitHub,setup,build,Private Actions metadata artifact,0.009333333333333333333333333333,GB-month,0.25,0.002333,yes,Residual private-repository gross sensitivity before shared account minute and artifact allowances; no private OCI artifact copies or cache baseline.
production_low,production,ec2_aurora,GitHub,conditional,approval,GitHub Enterprise Cloud user,1,user-month,21.00,21.000000,no,"Excluded unresolved purchase. Private required reviewers are unavailable on Free, Pro, and Team."
production_low,production,ec2_aurora,AWS,active,compute,ECS EC2 Graviton host,730,instance-hour,0.0424,30.952000,yes,"t4g.small UAT or t4g.medium production, On-Demand, one host, no ALB."
production_low,production,ec2_aurora,AWS,active,compute,EC2 surplus CPU credits,0,vCPU-hour,0.04,0.000000,yes,Stress sensitivity assumes 0.1 vCPU above the two-vCPU 20% baseline for every active hour.
production_low,production,ec2_aurora,AWS,active,compute,EC2 root gp3 volume,30,GB-month,0.096,2.880000,yes,30 GB with included gp3 IOPS and throughput; no extra units.
production_low,production,ec2_aurora,AWS,active,network,Elastic IP public IPv4,730,IP-hour,0.005,3.650000,yes,One public IPv4 address on the single origin host.
production_low,production,ec2_aurora,AWS,active,database,Aurora Serverless v2 primary capacity,365.0,ACU-hour,0.20,73.000000,yes,Average ACU is an explicit scenario input; no auto-pause assumed.
production_low,production,ec2_aurora,AWS,active,database,Aurora cluster storage,50,GB-month,0.11,5.500000,yes,Same provisioned data size as the RDS comparison.
production_low,production,ec2_aurora,AWS,active,database,Aurora I/O,1000000,I/O,0.00000022,0.220000,yes,I/O is an explicit workload input because HTTP requests do not determine database I/O.
production_low,production,ec2_aurora,AWS,restore,database,Nightly Aurora restore capacity,15.0,ACU-hour,0.20,3.000000,yes,Conditional equivalent assumes 0.5 ACU for the scenario restore duration.
production_low,production,ec2_aurora,AWS,restore,database,Nightly Aurora restore storage,2.054794520547945205479452055,GB-month,0.11,0.226027,yes,Temporary cluster storage is prorated for restore runtime.
production_low,production,ec2_aurora,AWS,retained,database,Aurora excess backup storage,0,GB-month,0.023,0.000000,yes,Scenario sensitivity because 30-day changed-block volume is not measured.
production_low,production,ec2_aurora,AWS,summary,summary,TOTAL_AWS,1,total,150.859125,150.859125,no,"Gross subtotal before allowances, discounts, credits, tax, and the conditional Enterprise license."
production_low,production,ec2_aurora,GitHub,summary,summary,TOTAL_GITHUB,1,total,0.602333,0.602333,no,"Gross subtotal before allowances, discounts, credits, tax, and the conditional Enterprise license."
production_low,production,ec2_aurora,All,summary,summary,TOTAL_GROSS,1,total,151.461458,151.461458,no,AWS plus gross GitHub usage; conditional Enterprise Cloud is excluded.
production_low,production,fargate_rds,AWS,active,edge,CloudFront Asia viewer data,10,GB,0.12,1.200000,yes,All viewer bytes use the Asia first-tier gross rate.
production_low,production,fargate_rds,AWS,active,edge,CloudFront HTTPS requests,1000000,request,0.0000012,1.200000,yes,Gross marginal price; no allowance deducted.
production_low,production,fargate_rds,AWS,active,edge,CloudFront viewer function,1000000,request,0.0000001,0.100000,yes,Gross marginal price; no allowance deducted.
production_low,production,fargate_rds,AWS,active,edge,CloudFront invalidation paths,100,path,0.005,0.500000,yes,Publish and revocation sensitivity; gross marginal price before the monthly 1000-path allowance.
production_low,production,fargate_rds,AWS,active,storage,Private media S3 storage,5,GB-month,0.025,0.125000,yes,S3 remains private and is reached only by Go in the same Region.
production_low,production,fargate_rds,AWS,active,storage,S3 read requests,10000,request,0.0000004,0.004000,yes,"Request count is a workload input, not derived from HTTP requests."
production_low,production,fargate_rds,AWS,active,storage,S3 write and list requests,1000,request,0.000005,0.005000,yes,"Request count is a workload input, not derived from HTTP requests."
production_low,production,fargate_rds,AWS,active,observability,CloudWatch custom metrics,50,metric-month,0.30,15.000000,yes,Counts include the Phase 10 alarm inventory and standard ECS Container Insights estimate.
production_low,production,fargate_rds,AWS,active,observability,CloudWatch standard alarms,18,alarm-month,0.10,1.800000,yes,Counts include the Phase 10 alarm inventory and standard ECS Container Insights estimate.
production_low,production,fargate_rds,AWS,active,observability,CloudWatch dashboard,1,dashboard-month,3.00,3.000000,yes,Counts include the Phase 10 alarm inventory and standard ECS Container Insights estimate.
production_low,production,fargate_rds,AWS,active,observability,CloudWatch log ingestion,2,GB,0.70,1.400000,yes,Counts include the Phase 10 alarm inventory and standard ECS Container Insights estimate.
production_low,production,fargate_rds,AWS,active,observability,CloudWatch API requests,1000,request,0.00001,0.010000,yes,Counts include the Phase 10 alarm inventory and standard ECS Container Insights estimate.
production_low,production,fargate_rds,AWS,active,observability,CloudWatch Logs Insights scans,10,GB,0.007,0.070000,yes,Counts include the Phase 10 alarm inventory and standard ECS Container Insights estimate.
production_low,production,fargate_rds,AWS,retained,mail,Shared SES custom metrics,7,metric-month,0.30,2.100000,yes,Assumed existing shared-email inventory allocated across the UAT active-plus-retained horizon or one production month; verify during stack adoption.
production_low,production,fargate_rds,AWS,retained,mail,Shared SES standard alarms,7,alarm-month,0.10,0.700000,yes,Assumed existing shared-email inventory allocated across the UAT active-plus-retained horizon or one production month; verify during stack adoption.
production_low,production,fargate_rds,AWS,retained,observability,CloudWatch 180-day log storage,12,GB-month,0.03,0.360000,yes,UAT prices the full six-month retention liability for its run logs; production is steady-state at six monthly cohorts.
production_low,production,fargate_rds,AWS,active,observability,Default CloudFront metrics in us-east-1,1,distribution-month,0,0.000000,yes,The 5xx alarm uses the standard metric; no additional CloudFront metrics are enabled.
production_low,production,fargate_rds,AWS,active,observability,Additional CloudFront metrics in us-east-1,0,metric-month,0.30,0.000000,yes,Zero in the current plan; use the catalog rate if Task 10.9 enables any of the eight optional metrics.
production_low,production,fargate_rds,AWS,active,jobs,Seven EventBridge Scheduler schedules,1680,invocation,0.00000125,0.002100,yes,"Two hourly, one weekly, three daily including restore, and one every six hours."
production_low,production,fargate_rds,AWS,active,network,EC2-to-RDS cross-AZ transfer,1,GB,0.01,0.010000,yes,Aggregate bidirectional bytes; zero if Task 10 pins the active DB and host to the same AZ.
production_low,production,fargate_rds,AWS,active,network,Non-CloudFront internet transfer out,1,GB,0.12,0.120000,yes,Explicit host/control-plane sensitivity; viewer traffic remains on CloudFront.
production_low,production,fargate_rds,AWS,active,mail,SES recipients,1000,recipient,0.0001,0.100000,yes,The existing shared-email stack is adopted and persists outside UAT state.
production_low,production,fargate_rds,AWS,active,mail,SNS alarm and feedback requests,75,request,0.0000005,0.000038,yes,The existing shared-email stack is adopted and persists outside UAT state.
production_low,production,fargate_rds,AWS,active,mail,SNS alarm email deliveries,25,notification,0.00002,0.000500,yes,The existing shared-email stack is adopted and persists outside UAT state.
production_low,production,fargate_rds,AWS,active,mail,SNS feedback delivery to SQS,50,notification,0,0.000000,yes,The existing shared-email stack is adopted and persists outside UAT state.
production_low,production,fargate_rds,AWS,active,mail,SQS feedback queue requests,150,request,0.0000004,0.000060,yes,The existing shared-email stack is adopted and persists outside UAT state.
production_low,production,fargate_rds,AWS,active,mail,SQS empty feedback polls,0,request,0.0000004,0.000000,yes,The existing shared-email stack is adopted and persists outside UAT state.
production_low,production,fargate_rds,AWS,retained,security,Customer-managed KMS keys during active period,3,key-month,1.00,3.000000,yes,One state key plus one retained secrets key per created environment.
production_low,production,fargate_rds,AWS,retained,security,Rotated KMS key material,0,key-version-month,1.00,0.000000,yes,Zero for fresh Phase 10 keys; first and second future rotations add one billable version per retained key.
production_low,production,fargate_rds,AWS,active,security,KMS requests,7300,request,0.000003,0.021900,yes,Placeholder request count; verify from the UAT bill.
production_low,production,fargate_rds,AWS,retained,registry-and-state,Shared ECR image storage,6,GB-month,0.10,0.600000,yes,Peak storage is charged across the UAT active-plus-retained horizon or one production month; the bootstrap resource persists outside disposable UAT state.
production_low,production,fargate_rds,AWS,retained,registry-and-state,OpenTofu state bucket storage,0.1,GB-month,0.025,0.002500,yes,Peak storage is charged across the UAT active-plus-retained horizon or one production month; the bootstrap resource persists outside disposable UAT state.
production_low,production,fargate_rds,AWS,setup,registry-and-state,ECR in-Region image transfer,12,GB,0,0.000000,yes,A conservative image-volume proxy; pushes into ECR and pulls to Singapore ECS or EC2 are free.
production_low,production,fargate_rds,AWS,setup,registry-and-state,ECR external image pulls,0,GB,0.12,0.000000,yes,Zero baseline: native smoke uses its locally built image. Any later external pull must replace this input.
production_low,production,fargate_rds,GitHub,setup,build,Public image build time budget,120,minute,0,0.000000,yes,One combined public-repository build-and-smoke job budgeted at four images times the scenario minutes; standard GitHub-hosted runners are free.
production_low,production,fargate_rds,GitHub,setup,build,Public smoke time budget,30,minute,0,0.000000,yes,One native smoke pass within the combined public-repository build-and-smoke job; standard GitHub-hosted runners are free.
production_low,production,fargate_rds,GitHub,setup,build,Public Actions artifacts,5.6,GB-month,0,0.000000,yes,"Prior artifact count, size, and retention assumptions retained in the public repository at a zero gross charge."
production_low,production,fargate_rds,GitHub,setup,build,Public Actions cache,8,GB-month,0,0.000000,yes,Public cache peak is at or below the separate 10 GB per-repository allowance; no paid cache extension is configured.
production_low,production,fargate_rds,GitHub,setup,build,Private standard ARM64 runners,120,minute,0.005,0.600000,yes,Residual private-repository gross sensitivity before shared account minute and artifact allowances; no private OCI artifact copies or cache baseline.
production_low,production,fargate_rds,GitHub,setup,build,Private Actions metadata artifact,0.009333333333333333333333333333,GB-month,0.25,0.002333,yes,Residual private-repository gross sensitivity before shared account minute and artifact allowances; no private OCI artifact copies or cache baseline.
production_low,production,fargate_rds,GitHub,conditional,approval,GitHub Enterprise Cloud user,1,user-month,21.00,21.000000,no,"Excluded unresolved purchase. Private required reviewers are unavailable on Free, Pro, and Team."
production_low,production,fargate_rds,AWS,active,compute,Fargate ARM application vCPU,547.50,vCPU-hour,0.04045,22.146375,yes,Conditional redesign estimate; not a deployable form of the accepted contract.
production_low,production,fargate_rds,AWS,active,compute,Fargate ARM application memory,1095.0,GB-hour,0.00442,4.839900,yes,Conditional redesign estimate; not a deployable form of the accepted contract.
production_low,production,fargate_rds,AWS,active,network,Single-AZ NLB,730,nlb-hour,0.0252,18.396000,yes,Conditional redesign estimate; not a deployable form of the accepted contract.
production_low,production,fargate_rds,AWS,active,network,One NLB capacity unit,730,NLCU-hour,0.006,4.380000,yes,Conditional redesign estimate; not a deployable form of the accepted contract.
production_low,production,fargate_rds,AWS,active,network,Public IPv4 addresses,2190,IP-hour,0.005,10.950000,yes,Conditional redesign estimate; not a deployable form of the accepted contract.
production_low,production,fargate_rds,AWS,active,network,Route 53 private discovery zone,1,hosted-zone-month,0.50,0.500000,yes,Conditional redesign estimate; not a deployable form of the accepted contract.
production_low,production,fargate_rds,AWS,active,network,Route 53 discovery queries,1000000,query,0,0.000000,yes,Conditional redesign estimate; not a deployable form of the accepted contract.
production_low,production,fargate_rds,AWS,restore-and-jobs,jobs,Fargate scheduled-job vCPU,41.95833333333333333333333332,vCPU-hour,0.04045,1.697215,yes,Per-run duration includes the task waiting through the nightly restore; each public task uses one ephemeral public IPv4 for that duration.
production_low,production,fargate_rds,AWS,restore-and-jobs,jobs,Fargate scheduled-job memory,83.91666666666666666666666665,GB-hour,0.00442,0.370912,yes,Per-run duration includes the task waiting through the nightly restore; each public task uses one ephemeral public IPv4 for that duration.
production_low,production,fargate_rds,AWS,restore-and-jobs,jobs,Fargate scheduled-job public IPv4,167.8333333333333333333333333,IP-hour,0.005,0.839167,yes,Per-run duration includes the task waiting through the nightly restore; each public task uses one ephemeral public IPv4 for that duration.
production_low,production,fargate_rds,AWS,active,database,RDS PostgreSQL primary instance,730,instance-hour,0.051,37.230000,yes,Single-AZ db.t4g.micro UAT or db.t4g.small production.
production_low,production,fargate_rds,AWS,active,database,RDS PostgreSQL gp3 storage,50,GB-month,0.138,6.900000,yes,20 GB UAT or 50 GB production with 30-day backup retention.
production_low,production,fargate_rds,AWS,active,database,RDS surplus CPU credits,0,vCPU-hour,0.075,0.000000,yes,Explicit T4g unlimited-mode sensitivity; low and expected cases use zero because hosted CPU is unknown.
production_low,production,fargate_rds,AWS,restore,database,Nightly RDS restore instance,30,instance-hour,0.051,1.530000,yes,Real same-class temporary restore every night; scenario duration ranges one to four hours.
production_low,production,fargate_rds,AWS,restore,database,Nightly RDS restore storage,2.054794520547945205479452055,GB-month,0.138,0.283562,yes,Temporary same-size storage is prorated for restore runtime.
production_low,production,fargate_rds,AWS,retained,database,RDS excess backup storage,0,GB-month,0.095,0.000000,yes,Scenario sensitivity because 30-day changed-block volume is not measured.
production_low,production,fargate_rds,AWS,summary,summary,TOTAL_AWS,1,total,141.494229,141.494229,no,"Gross subtotal before allowances, discounts, credits, tax, and the conditional Enterprise license."
production_low,production,fargate_rds,GitHub,summary,summary,TOTAL_GITHUB,1,total,0.602333,0.602333,no,"Gross subtotal before allowances, discounts, credits, tax, and the conditional Enterprise license."
production_low,production,fargate_rds,All,summary,summary,TOTAL_GROSS,1,total,142.096562,142.096562,no,AWS plus gross GitHub usage; conditional Enterprise Cloud is excluded.
production_expected,production,ec2_rds,AWS,active,edge,CloudFront Asia viewer data,100,GB,0.12,12.000000,yes,All viewer bytes use the Asia first-tier gross rate.
production_expected,production,ec2_rds,AWS,active,edge,CloudFront HTTPS requests,10000000,request,0.0000012,12.000000,yes,Gross marginal price; no allowance deducted.
production_expected,production,ec2_rds,AWS,active,edge,CloudFront viewer function,10000000,request,0.0000001,1.000000,yes,Gross marginal price; no allowance deducted.
production_expected,production,ec2_rds,AWS,active,edge,CloudFront invalidation paths,1000,path,0.005,5.000000,yes,Publish and revocation sensitivity; gross marginal price before the monthly 1000-path allowance.
production_expected,production,ec2_rds,AWS,active,storage,Private media S3 storage,50,GB-month,0.025,1.250000,yes,S3 remains private and is reached only by Go in the same Region.
production_expected,production,ec2_rds,AWS,active,storage,S3 read requests,100000,request,0.0000004,0.040000,yes,"Request count is a workload input, not derived from HTTP requests."
production_expected,production,ec2_rds,AWS,active,storage,S3 write and list requests,10000,request,0.000005,0.050000,yes,"Request count is a workload input, not derived from HTTP requests."
production_expected,production,ec2_rds,AWS,active,observability,CloudWatch custom metrics,50,metric-month,0.30,15.000000,yes,Counts include the Phase 10 alarm inventory and standard ECS Container Insights estimate.
production_expected,production,ec2_rds,AWS,active,observability,CloudWatch standard alarms,18,alarm-month,0.10,1.800000,yes,Counts include the Phase 10 alarm inventory and standard ECS Container Insights estimate.
production_expected,production,ec2_rds,AWS,active,observability,CloudWatch dashboard,1,dashboard-month,3.00,3.000000,yes,Counts include the Phase 10 alarm inventory and standard ECS Container Insights estimate.
production_expected,production,ec2_rds,AWS,active,observability,CloudWatch log ingestion,10,GB,0.70,7.000000,yes,Counts include the Phase 10 alarm inventory and standard ECS Container Insights estimate.
production_expected,production,ec2_rds,AWS,active,observability,CloudWatch API requests,10000,request,0.00001,0.100000,yes,Counts include the Phase 10 alarm inventory and standard ECS Container Insights estimate.
production_expected,production,ec2_rds,AWS,active,observability,CloudWatch Logs Insights scans,100,GB,0.007,0.700000,yes,Counts include the Phase 10 alarm inventory and standard ECS Container Insights estimate.
production_expected,production,ec2_rds,AWS,retained,mail,Shared SES custom metrics,7,metric-month,0.30,2.100000,yes,Assumed existing shared-email inventory allocated across the UAT active-plus-retained horizon or one production month; verify during stack adoption.
production_expected,production,ec2_rds,AWS,retained,mail,Shared SES standard alarms,7,alarm-month,0.10,0.700000,yes,Assumed existing shared-email inventory allocated across the UAT active-plus-retained horizon or one production month; verify during stack adoption.
production_expected,production,ec2_rds,AWS,retained,observability,CloudWatch 180-day log storage,60,GB-month,0.03,1.800000,yes,UAT prices the full six-month retention liability for its run logs; production is steady-state at six monthly cohorts.
production_expected,production,ec2_rds,AWS,active,observability,Default CloudFront metrics in us-east-1,1,distribution-month,0,0.000000,yes,The 5xx alarm uses the standard metric; no additional CloudFront metrics are enabled.
production_expected,production,ec2_rds,AWS,active,observability,Additional CloudFront metrics in us-east-1,0,metric-month,0.30,0.000000,yes,Zero in the current plan; use the catalog rate if Task 10.9 enables any of the eight optional metrics.
production_expected,production,ec2_rds,AWS,active,jobs,Seven EventBridge Scheduler schedules,1680,invocation,0.00000125,0.002100,yes,"Two hourly, one weekly, three daily including restore, and one every six hours."
production_expected,production,ec2_rds,AWS,active,network,EC2-to-RDS cross-AZ transfer,10,GB,0.01,0.100000,yes,Aggregate bidirectional bytes; zero if Task 10 pins the active DB and host to the same AZ.
production_expected,production,ec2_rds,AWS,active,network,Non-CloudFront internet transfer out,10,GB,0.12,1.200000,yes,Explicit host/control-plane sensitivity; viewer traffic remains on CloudFront.
production_expected,production,ec2_rds,AWS,active,mail,SES recipients,10000,recipient,0.0001,1.000000,yes,The existing shared-email stack is adopted and persists outside UAT state.
production_expected,production,ec2_rds,AWS,active,mail,SNS alarm and feedback requests,600,request,0.0000005,0.000300,yes,The existing shared-email stack is adopted and persists outside UAT state.
production_expected,production,ec2_rds,AWS,active,mail,SNS alarm email deliveries,100,notification,0.00002,0.002000,yes,The existing shared-email stack is adopted and persists outside UAT state.
production_expected,production,ec2_rds,AWS,active,mail,SNS feedback delivery to SQS,500,notification,0,0.000000,yes,The existing shared-email stack is adopted and persists outside UAT state.
production_expected,production,ec2_rds,AWS,active,mail,SQS feedback queue requests,1500,request,0.0000004,0.000600,yes,The existing shared-email stack is adopted and persists outside UAT state.
production_expected,production,ec2_rds,AWS,active,mail,SQS empty feedback polls,0,request,0.0000004,0.000000,yes,The existing shared-email stack is adopted and persists outside UAT state.
production_expected,production,ec2_rds,AWS,retained,security,Customer-managed KMS keys during active period,3,key-month,1.00,3.000000,yes,One state key plus one retained secrets key per created environment.
production_expected,production,ec2_rds,AWS,retained,security,Rotated KMS key material,0,key-version-month,1.00,0.000000,yes,Zero for fresh Phase 10 keys; first and second future rotations add one billable version per retained key.
production_expected,production,ec2_rds,AWS,active,security,KMS requests,7300,request,0.000003,0.021900,yes,Placeholder request count; verify from the UAT bill.
production_expected,production,ec2_rds,AWS,retained,registry-and-state,Shared ECR image storage,12,GB-month,0.10,1.200000,yes,Peak storage is charged across the UAT active-plus-retained horizon or one production month; the bootstrap resource persists outside disposable UAT state.
production_expected,production,ec2_rds,AWS,retained,registry-and-state,OpenTofu state bucket storage,0.1,GB-month,0.025,0.002500,yes,Peak storage is charged across the UAT active-plus-retained horizon or one production month; the bootstrap resource persists outside disposable UAT state.
production_expected,production,ec2_rds,AWS,setup,registry-and-state,ECR in-Region image transfer,48,GB,0,0.000000,yes,A conservative image-volume proxy; pushes into ECR and pulls to Singapore ECS or EC2 are free.
production_expected,production,ec2_rds,AWS,setup,registry-and-state,ECR external image pulls,0,GB,0.12,0.000000,yes,Zero baseline: native smoke uses its locally built image. Any later external pull must replace this input.
production_expected,production,ec2_rds,GitHub,setup,build,Public image build time budget,240,minute,0,0.000000,yes,One combined public-repository build-and-smoke job budgeted at four images times the scenario minutes; standard GitHub-hosted runners are free.
production_expected,production,ec2_rds,GitHub,setup,build,Public smoke time budget,60,minute,0,0.000000,yes,One native smoke pass within the combined public-repository build-and-smoke job; standard GitHub-hosted runners are free.
production_expected,production,ec2_rds,GitHub,setup,build,Public Actions artifacts,11.2,GB-month,0,0.000000,yes,"Prior artifact count, size, and retention assumptions retained in the public repository at a zero gross charge."
production_expected,production,ec2_rds,GitHub,setup,build,Public Actions cache,10,GB-month,0,0.000000,yes,Public cache peak is at or below the separate 10 GB per-repository allowance; no paid cache extension is configured.
production_expected,production,ec2_rds,GitHub,setup,build,Private standard ARM64 runners,240,minute,0.005,1.200000,yes,Residual private-repository gross sensitivity before shared account minute and artifact allowances; no private OCI artifact copies or cache baseline.
production_expected,production,ec2_rds,GitHub,setup,build,Private Actions metadata artifact,0.01866666666666666666666666667,GB-month,0.25,0.004667,yes,Residual private-repository gross sensitivity before shared account minute and artifact allowances; no private OCI artifact copies or cache baseline.
production_expected,production,ec2_rds,GitHub,conditional,approval,GitHub Enterprise Cloud user,1,user-month,21.00,21.000000,no,"Excluded unresolved purchase. Private required reviewers are unavailable on Free, Pro, and Team."
production_expected,production,ec2_rds,AWS,active,compute,ECS EC2 Graviton host,730,instance-hour,0.0424,30.952000,yes,"t4g.small UAT or t4g.medium production, On-Demand, one host, no ALB."
production_expected,production,ec2_rds,AWS,active,compute,EC2 surplus CPU credits,0,vCPU-hour,0.04,0.000000,yes,Stress sensitivity assumes 0.1 vCPU above the two-vCPU 20% baseline for every active hour.
production_expected,production,ec2_rds,AWS,active,compute,EC2 root gp3 volume,30,GB-month,0.096,2.880000,yes,30 GB with included gp3 IOPS and throughput; no extra units.
production_expected,production,ec2_rds,AWS,active,network,Elastic IP public IPv4,730,IP-hour,0.005,3.650000,yes,One public IPv4 address on the single origin host.
production_expected,production,ec2_rds,AWS,active,database,RDS PostgreSQL primary instance,730,instance-hour,0.051,37.230000,yes,Single-AZ db.t4g.micro UAT or db.t4g.small production.
production_expected,production,ec2_rds,AWS,active,database,RDS PostgreSQL gp3 storage,50,GB-month,0.138,6.900000,yes,20 GB UAT or 50 GB production with 30-day backup retention.
production_expected,production,ec2_rds,AWS,active,database,RDS surplus CPU credits,0,vCPU-hour,0.075,0.000000,yes,Explicit T4g unlimited-mode sensitivity; low and expected cases use zero because hosted CPU is unknown.
production_expected,production,ec2_rds,AWS,restore,database,Nightly RDS restore instance,60,instance-hour,0.051,3.060000,yes,Real same-class temporary restore every night; scenario duration ranges one to four hours.
production_expected,production,ec2_rds,AWS,restore,database,Nightly RDS restore storage,4.109589041095890410958904110,GB-month,0.138,0.567123,yes,Temporary same-size storage is prorated for restore runtime.
production_expected,production,ec2_rds,AWS,retained,database,RDS excess backup storage,25,GB-month,0.095,2.375000,yes,Scenario sensitivity because 30-day changed-block volume is not measured.
production_expected,production,ec2_rds,AWS,summary,summary,TOTAL_AWS,1,total,157.683523,157.683523,no,"Gross subtotal before allowances, discounts, credits, tax, and the conditional Enterprise license."
production_expected,production,ec2_rds,GitHub,summary,summary,TOTAL_GITHUB,1,total,1.204667,1.204667,no,"Gross subtotal before allowances, discounts, credits, tax, and the conditional Enterprise license."
production_expected,production,ec2_rds,All,summary,summary,TOTAL_GROSS,1,total,158.888190,158.888190,no,AWS plus gross GitHub usage; conditional Enterprise Cloud is excluded.
production_expected,production,ec2_aurora,AWS,active,edge,CloudFront Asia viewer data,100,GB,0.12,12.000000,yes,All viewer bytes use the Asia first-tier gross rate.
production_expected,production,ec2_aurora,AWS,active,edge,CloudFront HTTPS requests,10000000,request,0.0000012,12.000000,yes,Gross marginal price; no allowance deducted.
production_expected,production,ec2_aurora,AWS,active,edge,CloudFront viewer function,10000000,request,0.0000001,1.000000,yes,Gross marginal price; no allowance deducted.
production_expected,production,ec2_aurora,AWS,active,edge,CloudFront invalidation paths,1000,path,0.005,5.000000,yes,Publish and revocation sensitivity; gross marginal price before the monthly 1000-path allowance.
production_expected,production,ec2_aurora,AWS,active,storage,Private media S3 storage,50,GB-month,0.025,1.250000,yes,S3 remains private and is reached only by Go in the same Region.
production_expected,production,ec2_aurora,AWS,active,storage,S3 read requests,100000,request,0.0000004,0.040000,yes,"Request count is a workload input, not derived from HTTP requests."
production_expected,production,ec2_aurora,AWS,active,storage,S3 write and list requests,10000,request,0.000005,0.050000,yes,"Request count is a workload input, not derived from HTTP requests."
production_expected,production,ec2_aurora,AWS,active,observability,CloudWatch custom metrics,50,metric-month,0.30,15.000000,yes,Counts include the Phase 10 alarm inventory and standard ECS Container Insights estimate.
production_expected,production,ec2_aurora,AWS,active,observability,CloudWatch standard alarms,18,alarm-month,0.10,1.800000,yes,Counts include the Phase 10 alarm inventory and standard ECS Container Insights estimate.
production_expected,production,ec2_aurora,AWS,active,observability,CloudWatch dashboard,1,dashboard-month,3.00,3.000000,yes,Counts include the Phase 10 alarm inventory and standard ECS Container Insights estimate.
production_expected,production,ec2_aurora,AWS,active,observability,CloudWatch log ingestion,10,GB,0.70,7.000000,yes,Counts include the Phase 10 alarm inventory and standard ECS Container Insights estimate.
production_expected,production,ec2_aurora,AWS,active,observability,CloudWatch API requests,10000,request,0.00001,0.100000,yes,Counts include the Phase 10 alarm inventory and standard ECS Container Insights estimate.
production_expected,production,ec2_aurora,AWS,active,observability,CloudWatch Logs Insights scans,100,GB,0.007,0.700000,yes,Counts include the Phase 10 alarm inventory and standard ECS Container Insights estimate.
production_expected,production,ec2_aurora,AWS,retained,mail,Shared SES custom metrics,7,metric-month,0.30,2.100000,yes,Assumed existing shared-email inventory allocated across the UAT active-plus-retained horizon or one production month; verify during stack adoption.
production_expected,production,ec2_aurora,AWS,retained,mail,Shared SES standard alarms,7,alarm-month,0.10,0.700000,yes,Assumed existing shared-email inventory allocated across the UAT active-plus-retained horizon or one production month; verify during stack adoption.
production_expected,production,ec2_aurora,AWS,retained,observability,CloudWatch 180-day log storage,60,GB-month,0.03,1.800000,yes,UAT prices the full six-month retention liability for its run logs; production is steady-state at six monthly cohorts.
production_expected,production,ec2_aurora,AWS,active,observability,Default CloudFront metrics in us-east-1,1,distribution-month,0,0.000000,yes,The 5xx alarm uses the standard metric; no additional CloudFront metrics are enabled.
production_expected,production,ec2_aurora,AWS,active,observability,Additional CloudFront metrics in us-east-1,0,metric-month,0.30,0.000000,yes,Zero in the current plan; use the catalog rate if Task 10.9 enables any of the eight optional metrics.
production_expected,production,ec2_aurora,AWS,active,jobs,Seven EventBridge Scheduler schedules,1680,invocation,0.00000125,0.002100,yes,"Two hourly, one weekly, three daily including restore, and one every six hours."
production_expected,production,ec2_aurora,AWS,active,network,EC2-to-RDS cross-AZ transfer,10,GB,0.01,0.100000,yes,Aggregate bidirectional bytes; zero if Task 10 pins the active DB and host to the same AZ.
production_expected,production,ec2_aurora,AWS,active,network,Non-CloudFront internet transfer out,10,GB,0.12,1.200000,yes,Explicit host/control-plane sensitivity; viewer traffic remains on CloudFront.
production_expected,production,ec2_aurora,AWS,active,mail,SES recipients,10000,recipient,0.0001,1.000000,yes,The existing shared-email stack is adopted and persists outside UAT state.
production_expected,production,ec2_aurora,AWS,active,mail,SNS alarm and feedback requests,600,request,0.0000005,0.000300,yes,The existing shared-email stack is adopted and persists outside UAT state.
production_expected,production,ec2_aurora,AWS,active,mail,SNS alarm email deliveries,100,notification,0.00002,0.002000,yes,The existing shared-email stack is adopted and persists outside UAT state.
production_expected,production,ec2_aurora,AWS,active,mail,SNS feedback delivery to SQS,500,notification,0,0.000000,yes,The existing shared-email stack is adopted and persists outside UAT state.
production_expected,production,ec2_aurora,AWS,active,mail,SQS feedback queue requests,1500,request,0.0000004,0.000600,yes,The existing shared-email stack is adopted and persists outside UAT state.
production_expected,production,ec2_aurora,AWS,active,mail,SQS empty feedback polls,0,request,0.0000004,0.000000,yes,The existing shared-email stack is adopted and persists outside UAT state.
production_expected,production,ec2_aurora,AWS,retained,security,Customer-managed KMS keys during active period,3,key-month,1.00,3.000000,yes,One state key plus one retained secrets key per created environment.
production_expected,production,ec2_aurora,AWS,retained,security,Rotated KMS key material,0,key-version-month,1.00,0.000000,yes,Zero for fresh Phase 10 keys; first and second future rotations add one billable version per retained key.
production_expected,production,ec2_aurora,AWS,active,security,KMS requests,7300,request,0.000003,0.021900,yes,Placeholder request count; verify from the UAT bill.
production_expected,production,ec2_aurora,AWS,retained,registry-and-state,Shared ECR image storage,12,GB-month,0.10,1.200000,yes,Peak storage is charged across the UAT active-plus-retained horizon or one production month; the bootstrap resource persists outside disposable UAT state.
production_expected,production,ec2_aurora,AWS,retained,registry-and-state,OpenTofu state bucket storage,0.1,GB-month,0.025,0.002500,yes,Peak storage is charged across the UAT active-plus-retained horizon or one production month; the bootstrap resource persists outside disposable UAT state.
production_expected,production,ec2_aurora,AWS,setup,registry-and-state,ECR in-Region image transfer,48,GB,0,0.000000,yes,A conservative image-volume proxy; pushes into ECR and pulls to Singapore ECS or EC2 are free.
production_expected,production,ec2_aurora,AWS,setup,registry-and-state,ECR external image pulls,0,GB,0.12,0.000000,yes,Zero baseline: native smoke uses its locally built image. Any later external pull must replace this input.
production_expected,production,ec2_aurora,GitHub,setup,build,Public image build time budget,240,minute,0,0.000000,yes,One combined public-repository build-and-smoke job budgeted at four images times the scenario minutes; standard GitHub-hosted runners are free.
production_expected,production,ec2_aurora,GitHub,setup,build,Public smoke time budget,60,minute,0,0.000000,yes,One native smoke pass within the combined public-repository build-and-smoke job; standard GitHub-hosted runners are free.
production_expected,production,ec2_aurora,GitHub,setup,build,Public Actions artifacts,11.2,GB-month,0,0.000000,yes,"Prior artifact count, size, and retention assumptions retained in the public repository at a zero gross charge."
production_expected,production,ec2_aurora,GitHub,setup,build,Public Actions cache,10,GB-month,0,0.000000,yes,Public cache peak is at or below the separate 10 GB per-repository allowance; no paid cache extension is configured.
production_expected,production,ec2_aurora,GitHub,setup,build,Private standard ARM64 runners,240,minute,0.005,1.200000,yes,Residual private-repository gross sensitivity before shared account minute and artifact allowances; no private OCI artifact copies or cache baseline.
production_expected,production,ec2_aurora,GitHub,setup,build,Private Actions metadata artifact,0.01866666666666666666666666667,GB-month,0.25,0.004667,yes,Residual private-repository gross sensitivity before shared account minute and artifact allowances; no private OCI artifact copies or cache baseline.
production_expected,production,ec2_aurora,GitHub,conditional,approval,GitHub Enterprise Cloud user,1,user-month,21.00,21.000000,no,"Excluded unresolved purchase. Private required reviewers are unavailable on Free, Pro, and Team."
production_expected,production,ec2_aurora,AWS,active,compute,ECS EC2 Graviton host,730,instance-hour,0.0424,30.952000,yes,"t4g.small UAT or t4g.medium production, On-Demand, one host, no ALB."
production_expected,production,ec2_aurora,AWS,active,compute,EC2 surplus CPU credits,0,vCPU-hour,0.04,0.000000,yes,Stress sensitivity assumes 0.1 vCPU above the two-vCPU 20% baseline for every active hour.
production_expected,production,ec2_aurora,AWS,active,compute,EC2 root gp3 volume,30,GB-month,0.096,2.880000,yes,30 GB with included gp3 IOPS and throughput; no extra units.
production_expected,production,ec2_aurora,AWS,active,network,Elastic IP public IPv4,730,IP-hour,0.005,3.650000,yes,One public IPv4 address on the single origin host.
production_expected,production,ec2_aurora,AWS,active,database,Aurora Serverless v2 primary capacity,547.50,ACU-hour,0.20,109.500000,yes,Average ACU is an explicit scenario input; no auto-pause assumed.
production_expected,production,ec2_aurora,AWS,active,database,Aurora cluster storage,50,GB-month,0.11,5.500000,yes,Same provisioned data size as the RDS comparison.
production_expected,production,ec2_aurora,AWS,active,database,Aurora I/O,10000000,I/O,0.00000022,2.200000,yes,I/O is an explicit workload input because HTTP requests do not determine database I/O.
production_expected,production,ec2_aurora,AWS,restore,database,Nightly Aurora restore capacity,30.0,ACU-hour,0.20,6.000000,yes,Conditional equivalent assumes 0.5 ACU for the scenario restore duration.
production_expected,production,ec2_aurora,AWS,restore,database,Nightly Aurora restore storage,4.109589041095890410958904110,GB-month,0.11,0.452055,yes,Temporary cluster storage is prorated for restore runtime.
production_expected,production,ec2_aurora,AWS,retained,database,Aurora excess backup storage,25,GB-month,0.023,0.575000,yes,Scenario sensitivity because 30-day changed-block volume is not measured.
production_expected,production,ec2_aurora,AWS,summary,summary,TOTAL_AWS,1,total,231.778455,231.778455,no,"Gross subtotal before allowances, discounts, credits, tax, and the conditional Enterprise license."
production_expected,production,ec2_aurora,GitHub,summary,summary,TOTAL_GITHUB,1,total,1.204667,1.204667,no,"Gross subtotal before allowances, discounts, credits, tax, and the conditional Enterprise license."
production_expected,production,ec2_aurora,All,summary,summary,TOTAL_GROSS,1,total,232.983122,232.983122,no,AWS plus gross GitHub usage; conditional Enterprise Cloud is excluded.
production_expected,production,fargate_rds,AWS,active,edge,CloudFront Asia viewer data,100,GB,0.12,12.000000,yes,All viewer bytes use the Asia first-tier gross rate.
production_expected,production,fargate_rds,AWS,active,edge,CloudFront HTTPS requests,10000000,request,0.0000012,12.000000,yes,Gross marginal price; no allowance deducted.
production_expected,production,fargate_rds,AWS,active,edge,CloudFront viewer function,10000000,request,0.0000001,1.000000,yes,Gross marginal price; no allowance deducted.
production_expected,production,fargate_rds,AWS,active,edge,CloudFront invalidation paths,1000,path,0.005,5.000000,yes,Publish and revocation sensitivity; gross marginal price before the monthly 1000-path allowance.
production_expected,production,fargate_rds,AWS,active,storage,Private media S3 storage,50,GB-month,0.025,1.250000,yes,S3 remains private and is reached only by Go in the same Region.
production_expected,production,fargate_rds,AWS,active,storage,S3 read requests,100000,request,0.0000004,0.040000,yes,"Request count is a workload input, not derived from HTTP requests."
production_expected,production,fargate_rds,AWS,active,storage,S3 write and list requests,10000,request,0.000005,0.050000,yes,"Request count is a workload input, not derived from HTTP requests."
production_expected,production,fargate_rds,AWS,active,observability,CloudWatch custom metrics,50,metric-month,0.30,15.000000,yes,Counts include the Phase 10 alarm inventory and standard ECS Container Insights estimate.
production_expected,production,fargate_rds,AWS,active,observability,CloudWatch standard alarms,18,alarm-month,0.10,1.800000,yes,Counts include the Phase 10 alarm inventory and standard ECS Container Insights estimate.
production_expected,production,fargate_rds,AWS,active,observability,CloudWatch dashboard,1,dashboard-month,3.00,3.000000,yes,Counts include the Phase 10 alarm inventory and standard ECS Container Insights estimate.
production_expected,production,fargate_rds,AWS,active,observability,CloudWatch log ingestion,10,GB,0.70,7.000000,yes,Counts include the Phase 10 alarm inventory and standard ECS Container Insights estimate.
production_expected,production,fargate_rds,AWS,active,observability,CloudWatch API requests,10000,request,0.00001,0.100000,yes,Counts include the Phase 10 alarm inventory and standard ECS Container Insights estimate.
production_expected,production,fargate_rds,AWS,active,observability,CloudWatch Logs Insights scans,100,GB,0.007,0.700000,yes,Counts include the Phase 10 alarm inventory and standard ECS Container Insights estimate.
production_expected,production,fargate_rds,AWS,retained,mail,Shared SES custom metrics,7,metric-month,0.30,2.100000,yes,Assumed existing shared-email inventory allocated across the UAT active-plus-retained horizon or one production month; verify during stack adoption.
production_expected,production,fargate_rds,AWS,retained,mail,Shared SES standard alarms,7,alarm-month,0.10,0.700000,yes,Assumed existing shared-email inventory allocated across the UAT active-plus-retained horizon or one production month; verify during stack adoption.
production_expected,production,fargate_rds,AWS,retained,observability,CloudWatch 180-day log storage,60,GB-month,0.03,1.800000,yes,UAT prices the full six-month retention liability for its run logs; production is steady-state at six monthly cohorts.
production_expected,production,fargate_rds,AWS,active,observability,Default CloudFront metrics in us-east-1,1,distribution-month,0,0.000000,yes,The 5xx alarm uses the standard metric; no additional CloudFront metrics are enabled.
production_expected,production,fargate_rds,AWS,active,observability,Additional CloudFront metrics in us-east-1,0,metric-month,0.30,0.000000,yes,Zero in the current plan; use the catalog rate if Task 10.9 enables any of the eight optional metrics.
production_expected,production,fargate_rds,AWS,active,jobs,Seven EventBridge Scheduler schedules,1680,invocation,0.00000125,0.002100,yes,"Two hourly, one weekly, three daily including restore, and one every six hours."
production_expected,production,fargate_rds,AWS,active,network,EC2-to-RDS cross-AZ transfer,10,GB,0.01,0.100000,yes,Aggregate bidirectional bytes; zero if Task 10 pins the active DB and host to the same AZ.
production_expected,production,fargate_rds,AWS,active,network,Non-CloudFront internet transfer out,10,GB,0.12,1.200000,yes,Explicit host/control-plane sensitivity; viewer traffic remains on CloudFront.
production_expected,production,fargate_rds,AWS,active,mail,SES recipients,10000,recipient,0.0001,1.000000,yes,The existing shared-email stack is adopted and persists outside UAT state.
production_expected,production,fargate_rds,AWS,active,mail,SNS alarm and feedback requests,600,request,0.0000005,0.000300,yes,The existing shared-email stack is adopted and persists outside UAT state.
production_expected,production,fargate_rds,AWS,active,mail,SNS alarm email deliveries,100,notification,0.00002,0.002000,yes,The existing shared-email stack is adopted and persists outside UAT state.
production_expected,production,fargate_rds,AWS,active,mail,SNS feedback delivery to SQS,500,notification,0,0.000000,yes,The existing shared-email stack is adopted and persists outside UAT state.
production_expected,production,fargate_rds,AWS,active,mail,SQS feedback queue requests,1500,request,0.0000004,0.000600,yes,The existing shared-email stack is adopted and persists outside UAT state.
production_expected,production,fargate_rds,AWS,active,mail,SQS empty feedback polls,0,request,0.0000004,0.000000,yes,The existing shared-email stack is adopted and persists outside UAT state.
production_expected,production,fargate_rds,AWS,retained,security,Customer-managed KMS keys during active period,3,key-month,1.00,3.000000,yes,One state key plus one retained secrets key per created environment.
production_expected,production,fargate_rds,AWS,retained,security,Rotated KMS key material,0,key-version-month,1.00,0.000000,yes,Zero for fresh Phase 10 keys; first and second future rotations add one billable version per retained key.
production_expected,production,fargate_rds,AWS,active,security,KMS requests,7300,request,0.000003,0.021900,yes,Placeholder request count; verify from the UAT bill.
production_expected,production,fargate_rds,AWS,retained,registry-and-state,Shared ECR image storage,12,GB-month,0.10,1.200000,yes,Peak storage is charged across the UAT active-plus-retained horizon or one production month; the bootstrap resource persists outside disposable UAT state.
production_expected,production,fargate_rds,AWS,retained,registry-and-state,OpenTofu state bucket storage,0.1,GB-month,0.025,0.002500,yes,Peak storage is charged across the UAT active-plus-retained horizon or one production month; the bootstrap resource persists outside disposable UAT state.
production_expected,production,fargate_rds,AWS,setup,registry-and-state,ECR in-Region image transfer,48,GB,0,0.000000,yes,A conservative image-volume proxy; pushes into ECR and pulls to Singapore ECS or EC2 are free.
production_expected,production,fargate_rds,AWS,setup,registry-and-state,ECR external image pulls,0,GB,0.12,0.000000,yes,Zero baseline: native smoke uses its locally built image. Any later external pull must replace this input.
production_expected,production,fargate_rds,GitHub,setup,build,Public image build time budget,240,minute,0,0.000000,yes,One combined public-repository build-and-smoke job budgeted at four images times the scenario minutes; standard GitHub-hosted runners are free.
production_expected,production,fargate_rds,GitHub,setup,build,Public smoke time budget,60,minute,0,0.000000,yes,One native smoke pass within the combined public-repository build-and-smoke job; standard GitHub-hosted runners are free.
production_expected,production,fargate_rds,GitHub,setup,build,Public Actions artifacts,11.2,GB-month,0,0.000000,yes,"Prior artifact count, size, and retention assumptions retained in the public repository at a zero gross charge."
production_expected,production,fargate_rds,GitHub,setup,build,Public Actions cache,10,GB-month,0,0.000000,yes,Public cache peak is at or below the separate 10 GB per-repository allowance; no paid cache extension is configured.
production_expected,production,fargate_rds,GitHub,setup,build,Private standard ARM64 runners,240,minute,0.005,1.200000,yes,Residual private-repository gross sensitivity before shared account minute and artifact allowances; no private OCI artifact copies or cache baseline.
production_expected,production,fargate_rds,GitHub,setup,build,Private Actions metadata artifact,0.01866666666666666666666666667,GB-month,0.25,0.004667,yes,Residual private-repository gross sensitivity before shared account minute and artifact allowances; no private OCI artifact copies or cache baseline.
production_expected,production,fargate_rds,GitHub,conditional,approval,GitHub Enterprise Cloud user,1,user-month,21.00,21.000000,no,"Excluded unresolved purchase. Private required reviewers are unavailable on Free, Pro, and Team."
production_expected,production,fargate_rds,AWS,active,compute,Fargate ARM application vCPU,547.50,vCPU-hour,0.04045,22.146375,yes,Conditional redesign estimate; not a deployable form of the accepted contract.
production_expected,production,fargate_rds,AWS,active,compute,Fargate ARM application memory,1095.0,GB-hour,0.00442,4.839900,yes,Conditional redesign estimate; not a deployable form of the accepted contract.
production_expected,production,fargate_rds,AWS,active,network,Single-AZ NLB,730,nlb-hour,0.0252,18.396000,yes,Conditional redesign estimate; not a deployable form of the accepted contract.
production_expected,production,fargate_rds,AWS,active,network,One NLB capacity unit,730,NLCU-hour,0.006,4.380000,yes,Conditional redesign estimate; not a deployable form of the accepted contract.
production_expected,production,fargate_rds,AWS,active,network,Public IPv4 addresses,2190,IP-hour,0.005,10.950000,yes,Conditional redesign estimate; not a deployable form of the accepted contract.
production_expected,production,fargate_rds,AWS,active,network,Route 53 private discovery zone,1,hosted-zone-month,0.50,0.500000,yes,Conditional redesign estimate; not a deployable form of the accepted contract.
production_expected,production,fargate_rds,AWS,active,network,Route 53 discovery queries,10000000,query,0,0.000000,yes,Conditional redesign estimate; not a deployable form of the accepted contract.
production_expected,production,fargate_rds,AWS,restore-and-jobs,jobs,Fargate scheduled-job vCPU,49.45833333333333333333333332,vCPU-hour,0.04045,2.000590,yes,Per-run duration includes the task waiting through the nightly restore; each public task uses one ephemeral public IPv4 for that duration.
production_expected,production,fargate_rds,AWS,restore-and-jobs,jobs,Fargate scheduled-job memory,98.91666666666666666666666665,GB-hour,0.00442,0.437212,yes,Per-run duration includes the task waiting through the nightly restore; each public task uses one ephemeral public IPv4 for that duration.
production_expected,production,fargate_rds,AWS,restore-and-jobs,jobs,Fargate scheduled-job public IPv4,197.8333333333333333333333333,IP-hour,0.005,0.989167,yes,Per-run duration includes the task waiting through the nightly restore; each public task uses one ephemeral public IPv4 for that duration.
production_expected,production,fargate_rds,AWS,active,database,RDS PostgreSQL primary instance,730,instance-hour,0.051,37.230000,yes,Single-AZ db.t4g.micro UAT or db.t4g.small production.
production_expected,production,fargate_rds,AWS,active,database,RDS PostgreSQL gp3 storage,50,GB-month,0.138,6.900000,yes,20 GB UAT or 50 GB production with 30-day backup retention.
production_expected,production,fargate_rds,AWS,active,database,RDS surplus CPU credits,0,vCPU-hour,0.075,0.000000,yes,Explicit T4g unlimited-mode sensitivity; low and expected cases use zero because hosted CPU is unknown.
production_expected,production,fargate_rds,AWS,restore,database,Nightly RDS restore instance,60,instance-hour,0.051,3.060000,yes,Real same-class temporary restore every night; scenario duration ranges one to four hours.
production_expected,production,fargate_rds,AWS,restore,database,Nightly RDS restore storage,4.109589041095890410958904110,GB-month,0.138,0.567123,yes,Temporary same-size storage is prorated for restore runtime.
production_expected,production,fargate_rds,AWS,retained,database,RDS excess backup storage,25,GB-month,0.095,2.375000,yes,Scenario sensitivity because 30-day changed-block volume is not measured.
production_expected,production,fargate_rds,AWS,summary,summary,TOTAL_AWS,1,total,184.840767,184.840767,no,"Gross subtotal before allowances, discounts, credits, tax, and the conditional Enterprise license."
production_expected,production,fargate_rds,GitHub,summary,summary,TOTAL_GITHUB,1,total,1.204667,1.204667,no,"Gross subtotal before allowances, discounts, credits, tax, and the conditional Enterprise license."
production_expected,production,fargate_rds,All,summary,summary,TOTAL_GROSS,1,total,186.045434,186.045434,no,AWS plus gross GitHub usage; conditional Enterprise Cloud is excluded.
production_stress,production,ec2_rds,AWS,active,edge,CloudFront Asia viewer data,1000,GB,0.12,120.000000,yes,All viewer bytes use the Asia first-tier gross rate.
production_stress,production,ec2_rds,AWS,active,edge,CloudFront HTTPS requests,100000000,request,0.0000012,120.000000,yes,Gross marginal price; no allowance deducted.
production_stress,production,ec2_rds,AWS,active,edge,CloudFront viewer function,100000000,request,0.0000001,10.000000,yes,Gross marginal price; no allowance deducted.
production_stress,production,ec2_rds,AWS,active,edge,CloudFront invalidation paths,10000,path,0.005,50.000000,yes,Publish and revocation sensitivity; gross marginal price before the monthly 1000-path allowance.
production_stress,production,ec2_rds,AWS,active,storage,Private media S3 storage,500,GB-month,0.025,12.500000,yes,S3 remains private and is reached only by Go in the same Region.
production_stress,production,ec2_rds,AWS,active,storage,S3 read requests,1000000,request,0.0000004,0.400000,yes,"Request count is a workload input, not derived from HTTP requests."
production_stress,production,ec2_rds,AWS,active,storage,S3 write and list requests,100000,request,0.000005,0.500000,yes,"Request count is a workload input, not derived from HTTP requests."
production_stress,production,ec2_rds,AWS,active,observability,CloudWatch custom metrics,50,metric-month,0.30,15.000000,yes,Counts include the Phase 10 alarm inventory and standard ECS Container Insights estimate.
production_stress,production,ec2_rds,AWS,active,observability,CloudWatch standard alarms,18,alarm-month,0.10,1.800000,yes,Counts include the Phase 10 alarm inventory and standard ECS Container Insights estimate.
production_stress,production,ec2_rds,AWS,active,observability,CloudWatch dashboard,1,dashboard-month,3.00,3.000000,yes,Counts include the Phase 10 alarm inventory and standard ECS Container Insights estimate.
production_stress,production,ec2_rds,AWS,active,observability,CloudWatch log ingestion,100,GB,0.70,70.000000,yes,Counts include the Phase 10 alarm inventory and standard ECS Container Insights estimate.
production_stress,production,ec2_rds,AWS,active,observability,CloudWatch API requests,100000,request,0.00001,1.000000,yes,Counts include the Phase 10 alarm inventory and standard ECS Container Insights estimate.
production_stress,production,ec2_rds,AWS,active,observability,CloudWatch Logs Insights scans,1000,GB,0.007,7.000000,yes,Counts include the Phase 10 alarm inventory and standard ECS Container Insights estimate.
production_stress,production,ec2_rds,AWS,retained,mail,Shared SES custom metrics,7,metric-month,0.30,2.100000,yes,Assumed existing shared-email inventory allocated across the UAT active-plus-retained horizon or one production month; verify during stack adoption.
production_stress,production,ec2_rds,AWS,retained,mail,Shared SES standard alarms,7,alarm-month,0.10,0.700000,yes,Assumed existing shared-email inventory allocated across the UAT active-plus-retained horizon or one production month; verify during stack adoption.
production_stress,production,ec2_rds,AWS,retained,observability,CloudWatch 180-day log storage,600,GB-month,0.03,18.000000,yes,UAT prices the full six-month retention liability for its run logs; production is steady-state at six monthly cohorts.
production_stress,production,ec2_rds,AWS,active,observability,Default CloudFront metrics in us-east-1,1,distribution-month,0,0.000000,yes,The 5xx alarm uses the standard metric; no additional CloudFront metrics are enabled.
production_stress,production,ec2_rds,AWS,active,observability,Additional CloudFront metrics in us-east-1,0,metric-month,0.30,0.000000,yes,Zero in the current plan; use the catalog rate if Task 10.9 enables any of the eight optional metrics.
production_stress,production,ec2_rds,AWS,active,jobs,Seven EventBridge Scheduler schedules,1680,invocation,0.00000125,0.002100,yes,"Two hourly, one weekly, three daily including restore, and one every six hours."
production_stress,production,ec2_rds,AWS,active,network,EC2-to-RDS cross-AZ transfer,100,GB,0.01,1.000000,yes,Aggregate bidirectional bytes; zero if Task 10 pins the active DB and host to the same AZ.
production_stress,production,ec2_rds,AWS,active,network,Non-CloudFront internet transfer out,100,GB,0.12,12.000000,yes,Explicit host/control-plane sensitivity; viewer traffic remains on CloudFront.
production_stress,production,ec2_rds,AWS,active,mail,SES recipients,100000,recipient,0.0001,10.000000,yes,The existing shared-email stack is adopted and persists outside UAT state.
production_stress,production,ec2_rds,AWS,active,mail,SNS alarm and feedback requests,6000,request,0.0000005,0.003000,yes,The existing shared-email stack is adopted and persists outside UAT state.
production_stress,production,ec2_rds,AWS,active,mail,SNS alarm email deliveries,1000,notification,0.00002,0.020000,yes,The existing shared-email stack is adopted and persists outside UAT state.
production_stress,production,ec2_rds,AWS,active,mail,SNS feedback delivery to SQS,5000,notification,0,0.000000,yes,The existing shared-email stack is adopted and persists outside UAT state.
production_stress,production,ec2_rds,AWS,active,mail,SQS feedback queue requests,15000,request,0.0000004,0.006000,yes,The existing shared-email stack is adopted and persists outside UAT state.
production_stress,production,ec2_rds,AWS,active,mail,SQS empty feedback polls,0,request,0.0000004,0.000000,yes,The existing shared-email stack is adopted and persists outside UAT state.
production_stress,production,ec2_rds,AWS,retained,security,Customer-managed KMS keys during active period,3,key-month,1.00,3.000000,yes,One state key plus one retained secrets key per created environment.
production_stress,production,ec2_rds,AWS,retained,security,Rotated KMS key material,0,key-version-month,1.00,0.000000,yes,Zero for fresh Phase 10 keys; first and second future rotations add one billable version per retained key.
production_stress,production,ec2_rds,AWS,active,security,KMS requests,7300,request,0.000003,0.021900,yes,Placeholder request count; verify from the UAT bill.
production_stress,production,ec2_rds,AWS,retained,registry-and-state,Shared ECR image storage,40,GB-month,0.10,4.000000,yes,Peak storage is charged across the UAT active-plus-retained horizon or one production month; the bootstrap resource persists outside disposable UAT state.
production_stress,production,ec2_rds,AWS,retained,registry-and-state,OpenTofu state bucket storage,0.1,GB-month,0.025,0.002500,yes,Peak storage is charged across the UAT active-plus-retained horizon or one production month; the bootstrap resource persists outside disposable UAT state.
production_stress,production,ec2_rds,AWS,setup,registry-and-state,ECR in-Region image transfer,480,GB,0,0.000000,yes,A conservative image-volume proxy; pushes into ECR and pulls to Singapore ECS or EC2 are free.
production_stress,production,ec2_rds,AWS,setup,registry-and-state,ECR external image pulls,0,GB,0.12,0.000000,yes,Zero baseline: native smoke uses its locally built image. Any later external pull must replace this input.
production_stress,production,ec2_rds,GitHub,setup,build,Public image build time budget,960,minute,0,0.000000,yes,One combined public-repository build-and-smoke job budgeted at four images times the scenario minutes; standard GitHub-hosted runners are free.
production_stress,production,ec2_rds,GitHub,setup,build,Public smoke time budget,240,minute,0,0.000000,yes,One native smoke pass within the combined public-repository build-and-smoke job; standard GitHub-hosted runners are free.
production_stress,production,ec2_rds,GitHub,setup,build,Public Actions artifacts,33.6,GB-month,0,0.000000,yes,"Prior artifact count, size, and retention assumptions retained in the public repository at a zero gross charge."
production_stress,production,ec2_rds,GitHub,setup,build,Public Actions cache,10,GB-month,0,0.000000,yes,Public cache peak is at or below the separate 10 GB per-repository allowance; no paid cache extension is configured.
production_stress,production,ec2_rds,GitHub,setup,build,Private standard ARM64 runners,960,minute,0.005,4.800000,yes,Residual private-repository gross sensitivity before shared account minute and artifact allowances; no private OCI artifact copies or cache baseline.
production_stress,production,ec2_rds,GitHub,setup,build,Private Actions metadata artifact,0.056,GB-month,0.25,0.014000,yes,Residual private-repository gross sensitivity before shared account minute and artifact allowances; no private OCI artifact copies or cache baseline.
production_stress,production,ec2_rds,GitHub,conditional,approval,GitHub Enterprise Cloud user,1,user-month,21.00,21.000000,no,"Excluded unresolved purchase. Private required reviewers are unavailable on Free, Pro, and Team."
production_stress,production,ec2_rds,AWS,active,compute,ECS EC2 Graviton host,730,instance-hour,0.0424,30.952000,yes,"t4g.small UAT or t4g.medium production, On-Demand, one host, no ALB."
production_stress,production,ec2_rds,AWS,active,compute,EC2 surplus CPU credits,73,vCPU-hour,0.04,2.920000,yes,Stress sensitivity assumes 0.1 vCPU above the two-vCPU 20% baseline for every active hour.
production_stress,production,ec2_rds,AWS,active,compute,EC2 root gp3 volume,30,GB-month,0.096,2.880000,yes,30 GB with included gp3 IOPS and throughput; no extra units.
production_stress,production,ec2_rds,AWS,active,network,Elastic IP public IPv4,730,IP-hour,0.005,3.650000,yes,One public IPv4 address on the single origin host.
production_stress,production,ec2_rds,AWS,active,database,RDS PostgreSQL primary instance,730,instance-hour,0.051,37.230000,yes,Single-AZ db.t4g.micro UAT or db.t4g.small production.
production_stress,production,ec2_rds,AWS,active,database,RDS PostgreSQL gp3 storage,50,GB-month,0.138,6.900000,yes,20 GB UAT or 50 GB production with 30-day backup retention.
production_stress,production,ec2_rds,AWS,active,database,RDS surplus CPU credits,73,vCPU-hour,0.075,5.475000,yes,Explicit T4g unlimited-mode sensitivity; low and expected cases use zero because hosted CPU is unknown.
production_stress,production,ec2_rds,AWS,restore,database,Nightly RDS restore instance,120,instance-hour,0.051,6.120000,yes,Real same-class temporary restore every night; scenario duration ranges one to four hours.
production_stress,production,ec2_rds,AWS,restore,database,Nightly RDS restore storage,8.219178082191780821917808219,GB-month,0.138,1.134247,yes,Temporary same-size storage is prorated for restore runtime.
production_stress,production,ec2_rds,AWS,retained,database,RDS excess backup storage,50,GB-month,0.095,4.750000,yes,Scenario sensitivity because 30-day changed-block volume is not measured.
production_stress,production,ec2_rds,AWS,summary,summary,TOTAL_AWS,1,total,564.066747,564.066747,no,"Gross subtotal before allowances, discounts, credits, tax, and the conditional Enterprise license."
production_stress,production,ec2_rds,GitHub,summary,summary,TOTAL_GITHUB,1,total,4.814000,4.814000,no,"Gross subtotal before allowances, discounts, credits, tax, and the conditional Enterprise license."
production_stress,production,ec2_rds,All,summary,summary,TOTAL_GROSS,1,total,568.880747,568.880747,no,AWS plus gross GitHub usage; conditional Enterprise Cloud is excluded.
production_stress,production,ec2_aurora,AWS,active,edge,CloudFront Asia viewer data,1000,GB,0.12,120.000000,yes,All viewer bytes use the Asia first-tier gross rate.
production_stress,production,ec2_aurora,AWS,active,edge,CloudFront HTTPS requests,100000000,request,0.0000012,120.000000,yes,Gross marginal price; no allowance deducted.
production_stress,production,ec2_aurora,AWS,active,edge,CloudFront viewer function,100000000,request,0.0000001,10.000000,yes,Gross marginal price; no allowance deducted.
production_stress,production,ec2_aurora,AWS,active,edge,CloudFront invalidation paths,10000,path,0.005,50.000000,yes,Publish and revocation sensitivity; gross marginal price before the monthly 1000-path allowance.
production_stress,production,ec2_aurora,AWS,active,storage,Private media S3 storage,500,GB-month,0.025,12.500000,yes,S3 remains private and is reached only by Go in the same Region.
production_stress,production,ec2_aurora,AWS,active,storage,S3 read requests,1000000,request,0.0000004,0.400000,yes,"Request count is a workload input, not derived from HTTP requests."
production_stress,production,ec2_aurora,AWS,active,storage,S3 write and list requests,100000,request,0.000005,0.500000,yes,"Request count is a workload input, not derived from HTTP requests."
production_stress,production,ec2_aurora,AWS,active,observability,CloudWatch custom metrics,50,metric-month,0.30,15.000000,yes,Counts include the Phase 10 alarm inventory and standard ECS Container Insights estimate.
production_stress,production,ec2_aurora,AWS,active,observability,CloudWatch standard alarms,18,alarm-month,0.10,1.800000,yes,Counts include the Phase 10 alarm inventory and standard ECS Container Insights estimate.
production_stress,production,ec2_aurora,AWS,active,observability,CloudWatch dashboard,1,dashboard-month,3.00,3.000000,yes,Counts include the Phase 10 alarm inventory and standard ECS Container Insights estimate.
production_stress,production,ec2_aurora,AWS,active,observability,CloudWatch log ingestion,100,GB,0.70,70.000000,yes,Counts include the Phase 10 alarm inventory and standard ECS Container Insights estimate.
production_stress,production,ec2_aurora,AWS,active,observability,CloudWatch API requests,100000,request,0.00001,1.000000,yes,Counts include the Phase 10 alarm inventory and standard ECS Container Insights estimate.
production_stress,production,ec2_aurora,AWS,active,observability,CloudWatch Logs Insights scans,1000,GB,0.007,7.000000,yes,Counts include the Phase 10 alarm inventory and standard ECS Container Insights estimate.
production_stress,production,ec2_aurora,AWS,retained,mail,Shared SES custom metrics,7,metric-month,0.30,2.100000,yes,Assumed existing shared-email inventory allocated across the UAT active-plus-retained horizon or one production month; verify during stack adoption.
production_stress,production,ec2_aurora,AWS,retained,mail,Shared SES standard alarms,7,alarm-month,0.10,0.700000,yes,Assumed existing shared-email inventory allocated across the UAT active-plus-retained horizon or one production month; verify during stack adoption.
production_stress,production,ec2_aurora,AWS,retained,observability,CloudWatch 180-day log storage,600,GB-month,0.03,18.000000,yes,UAT prices the full six-month retention liability for its run logs; production is steady-state at six monthly cohorts.
production_stress,production,ec2_aurora,AWS,active,observability,Default CloudFront metrics in us-east-1,1,distribution-month,0,0.000000,yes,The 5xx alarm uses the standard metric; no additional CloudFront metrics are enabled.
production_stress,production,ec2_aurora,AWS,active,observability,Additional CloudFront metrics in us-east-1,0,metric-month,0.30,0.000000,yes,Zero in the current plan; use the catalog rate if Task 10.9 enables any of the eight optional metrics.
production_stress,production,ec2_aurora,AWS,active,jobs,Seven EventBridge Scheduler schedules,1680,invocation,0.00000125,0.002100,yes,"Two hourly, one weekly, three daily including restore, and one every six hours."
production_stress,production,ec2_aurora,AWS,active,network,EC2-to-RDS cross-AZ transfer,100,GB,0.01,1.000000,yes,Aggregate bidirectional bytes; zero if Task 10 pins the active DB and host to the same AZ.
production_stress,production,ec2_aurora,AWS,active,network,Non-CloudFront internet transfer out,100,GB,0.12,12.000000,yes,Explicit host/control-plane sensitivity; viewer traffic remains on CloudFront.
production_stress,production,ec2_aurora,AWS,active,mail,SES recipients,100000,recipient,0.0001,10.000000,yes,The existing shared-email stack is adopted and persists outside UAT state.
production_stress,production,ec2_aurora,AWS,active,mail,SNS alarm and feedback requests,6000,request,0.0000005,0.003000,yes,The existing shared-email stack is adopted and persists outside UAT state.
production_stress,production,ec2_aurora,AWS,active,mail,SNS alarm email deliveries,1000,notification,0.00002,0.020000,yes,The existing shared-email stack is adopted and persists outside UAT state.
production_stress,production,ec2_aurora,AWS,active,mail,SNS feedback delivery to SQS,5000,notification,0,0.000000,yes,The existing shared-email stack is adopted and persists outside UAT state.
production_stress,production,ec2_aurora,AWS,active,mail,SQS feedback queue requests,15000,request,0.0000004,0.006000,yes,The existing shared-email stack is adopted and persists outside UAT state.
production_stress,production,ec2_aurora,AWS,active,mail,SQS empty feedback polls,0,request,0.0000004,0.000000,yes,The existing shared-email stack is adopted and persists outside UAT state.
production_stress,production,ec2_aurora,AWS,retained,security,Customer-managed KMS keys during active period,3,key-month,1.00,3.000000,yes,One state key plus one retained secrets key per created environment.
production_stress,production,ec2_aurora,AWS,retained,security,Rotated KMS key material,0,key-version-month,1.00,0.000000,yes,Zero for fresh Phase 10 keys; first and second future rotations add one billable version per retained key.
production_stress,production,ec2_aurora,AWS,active,security,KMS requests,7300,request,0.000003,0.021900,yes,Placeholder request count; verify from the UAT bill.
production_stress,production,ec2_aurora,AWS,retained,registry-and-state,Shared ECR image storage,40,GB-month,0.10,4.000000,yes,Peak storage is charged across the UAT active-plus-retained horizon or one production month; the bootstrap resource persists outside disposable UAT state.
production_stress,production,ec2_aurora,AWS,retained,registry-and-state,OpenTofu state bucket storage,0.1,GB-month,0.025,0.002500,yes,Peak storage is charged across the UAT active-plus-retained horizon or one production month; the bootstrap resource persists outside disposable UAT state.
production_stress,production,ec2_aurora,AWS,setup,registry-and-state,ECR in-Region image transfer,480,GB,0,0.000000,yes,A conservative image-volume proxy; pushes into ECR and pulls to Singapore ECS or EC2 are free.
production_stress,production,ec2_aurora,AWS,setup,registry-and-state,ECR external image pulls,0,GB,0.12,0.000000,yes,Zero baseline: native smoke uses its locally built image. Any later external pull must replace this input.
production_stress,production,ec2_aurora,GitHub,setup,build,Public image build time budget,960,minute,0,0.000000,yes,One combined public-repository build-and-smoke job budgeted at four images times the scenario minutes; standard GitHub-hosted runners are free.
production_stress,production,ec2_aurora,GitHub,setup,build,Public smoke time budget,240,minute,0,0.000000,yes,One native smoke pass within the combined public-repository build-and-smoke job; standard GitHub-hosted runners are free.
production_stress,production,ec2_aurora,GitHub,setup,build,Public Actions artifacts,33.6,GB-month,0,0.000000,yes,"Prior artifact count, size, and retention assumptions retained in the public repository at a zero gross charge."
production_stress,production,ec2_aurora,GitHub,setup,build,Public Actions cache,10,GB-month,0,0.000000,yes,Public cache peak is at or below the separate 10 GB per-repository allowance; no paid cache extension is configured.
production_stress,production,ec2_aurora,GitHub,setup,build,Private standard ARM64 runners,960,minute,0.005,4.800000,yes,Residual private-repository gross sensitivity before shared account minute and artifact allowances; no private OCI artifact copies or cache baseline.
production_stress,production,ec2_aurora,GitHub,setup,build,Private Actions metadata artifact,0.056,GB-month,0.25,0.014000,yes,Residual private-repository gross sensitivity before shared account minute and artifact allowances; no private OCI artifact copies or cache baseline.
production_stress,production,ec2_aurora,GitHub,conditional,approval,GitHub Enterprise Cloud user,1,user-month,21.00,21.000000,no,"Excluded unresolved purchase. Private required reviewers are unavailable on Free, Pro, and Team."
production_stress,production,ec2_aurora,AWS,active,compute,ECS EC2 Graviton host,730,instance-hour,0.0424,30.952000,yes,"t4g.small UAT or t4g.medium production, On-Demand, one host, no ALB."
production_stress,production,ec2_aurora,AWS,active,compute,EC2 surplus CPU credits,73,vCPU-hour,0.04,2.920000,yes,Stress sensitivity assumes 0.1 vCPU above the two-vCPU 20% baseline for every active hour.
production_stress,production,ec2_aurora,AWS,active,compute,EC2 root gp3 volume,30,GB-month,0.096,2.880000,yes,30 GB with included gp3 IOPS and throughput; no extra units.
production_stress,production,ec2_aurora,AWS,active,network,Elastic IP public IPv4,730,IP-hour,0.005,3.650000,yes,One public IPv4 address on the single origin host.
production_stress,production,ec2_aurora,AWS,active,database,Aurora Serverless v2 primary capacity,1460,ACU-hour,0.20,292.000000,yes,Average ACU is an explicit scenario input; no auto-pause assumed.
production_stress,production,ec2_aurora,AWS,active,database,Aurora cluster storage,50,GB-month,0.11,5.500000,yes,Same provisioned data size as the RDS comparison.
production_stress,production,ec2_aurora,AWS,active,database,Aurora I/O,100000000,I/O,0.00000022,22.000000,yes,I/O is an explicit workload input because HTTP requests do not determine database I/O.
production_stress,production,ec2_aurora,AWS,restore,database,Nightly Aurora restore capacity,60.0,ACU-hour,0.20,12.000000,yes,Conditional equivalent assumes 0.5 ACU for the scenario restore duration.
production_stress,production,ec2_aurora,AWS,restore,database,Nightly Aurora restore storage,8.219178082191780821917808219,GB-month,0.11,0.904110,yes,Temporary cluster storage is prorated for restore runtime.
production_stress,production,ec2_aurora,AWS,retained,database,Aurora excess backup storage,50,GB-month,0.023,1.150000,yes,Scenario sensitivity because 30-day changed-block volume is not measured.
production_stress,production,ec2_aurora,AWS,summary,summary,TOTAL_AWS,1,total,836.011610,836.011610,no,"Gross subtotal before allowances, discounts, credits, tax, and the conditional Enterprise license."
production_stress,production,ec2_aurora,GitHub,summary,summary,TOTAL_GITHUB,1,total,4.814000,4.814000,no,"Gross subtotal before allowances, discounts, credits, tax, and the conditional Enterprise license."
production_stress,production,ec2_aurora,All,summary,summary,TOTAL_GROSS,1,total,840.825610,840.825610,no,AWS plus gross GitHub usage; conditional Enterprise Cloud is excluded.
production_stress,production,fargate_rds,AWS,active,edge,CloudFront Asia viewer data,1000,GB,0.12,120.000000,yes,All viewer bytes use the Asia first-tier gross rate.
production_stress,production,fargate_rds,AWS,active,edge,CloudFront HTTPS requests,100000000,request,0.0000012,120.000000,yes,Gross marginal price; no allowance deducted.
production_stress,production,fargate_rds,AWS,active,edge,CloudFront viewer function,100000000,request,0.0000001,10.000000,yes,Gross marginal price; no allowance deducted.
production_stress,production,fargate_rds,AWS,active,edge,CloudFront invalidation paths,10000,path,0.005,50.000000,yes,Publish and revocation sensitivity; gross marginal price before the monthly 1000-path allowance.
production_stress,production,fargate_rds,AWS,active,storage,Private media S3 storage,500,GB-month,0.025,12.500000,yes,S3 remains private and is reached only by Go in the same Region.
production_stress,production,fargate_rds,AWS,active,storage,S3 read requests,1000000,request,0.0000004,0.400000,yes,"Request count is a workload input, not derived from HTTP requests."
production_stress,production,fargate_rds,AWS,active,storage,S3 write and list requests,100000,request,0.000005,0.500000,yes,"Request count is a workload input, not derived from HTTP requests."
production_stress,production,fargate_rds,AWS,active,observability,CloudWatch custom metrics,50,metric-month,0.30,15.000000,yes,Counts include the Phase 10 alarm inventory and standard ECS Container Insights estimate.
production_stress,production,fargate_rds,AWS,active,observability,CloudWatch standard alarms,18,alarm-month,0.10,1.800000,yes,Counts include the Phase 10 alarm inventory and standard ECS Container Insights estimate.
production_stress,production,fargate_rds,AWS,active,observability,CloudWatch dashboard,1,dashboard-month,3.00,3.000000,yes,Counts include the Phase 10 alarm inventory and standard ECS Container Insights estimate.
production_stress,production,fargate_rds,AWS,active,observability,CloudWatch log ingestion,100,GB,0.70,70.000000,yes,Counts include the Phase 10 alarm inventory and standard ECS Container Insights estimate.
production_stress,production,fargate_rds,AWS,active,observability,CloudWatch API requests,100000,request,0.00001,1.000000,yes,Counts include the Phase 10 alarm inventory and standard ECS Container Insights estimate.
production_stress,production,fargate_rds,AWS,active,observability,CloudWatch Logs Insights scans,1000,GB,0.007,7.000000,yes,Counts include the Phase 10 alarm inventory and standard ECS Container Insights estimate.
production_stress,production,fargate_rds,AWS,retained,mail,Shared SES custom metrics,7,metric-month,0.30,2.100000,yes,Assumed existing shared-email inventory allocated across the UAT active-plus-retained horizon or one production month; verify during stack adoption.
production_stress,production,fargate_rds,AWS,retained,mail,Shared SES standard alarms,7,alarm-month,0.10,0.700000,yes,Assumed existing shared-email inventory allocated across the UAT active-plus-retained horizon or one production month; verify during stack adoption.
production_stress,production,fargate_rds,AWS,retained,observability,CloudWatch 180-day log storage,600,GB-month,0.03,18.000000,yes,UAT prices the full six-month retention liability for its run logs; production is steady-state at six monthly cohorts.
production_stress,production,fargate_rds,AWS,active,observability,Default CloudFront metrics in us-east-1,1,distribution-month,0,0.000000,yes,The 5xx alarm uses the standard metric; no additional CloudFront metrics are enabled.
production_stress,production,fargate_rds,AWS,active,observability,Additional CloudFront metrics in us-east-1,0,metric-month,0.30,0.000000,yes,Zero in the current plan; use the catalog rate if Task 10.9 enables any of the eight optional metrics.
production_stress,production,fargate_rds,AWS,active,jobs,Seven EventBridge Scheduler schedules,1680,invocation,0.00000125,0.002100,yes,"Two hourly, one weekly, three daily including restore, and one every six hours."
production_stress,production,fargate_rds,AWS,active,network,EC2-to-RDS cross-AZ transfer,100,GB,0.01,1.000000,yes,Aggregate bidirectional bytes; zero if Task 10 pins the active DB and host to the same AZ.
production_stress,production,fargate_rds,AWS,active,network,Non-CloudFront internet transfer out,100,GB,0.12,12.000000,yes,Explicit host/control-plane sensitivity; viewer traffic remains on CloudFront.
production_stress,production,fargate_rds,AWS,active,mail,SES recipients,100000,recipient,0.0001,10.000000,yes,The existing shared-email stack is adopted and persists outside UAT state.
production_stress,production,fargate_rds,AWS,active,mail,SNS alarm and feedback requests,6000,request,0.0000005,0.003000,yes,The existing shared-email stack is adopted and persists outside UAT state.
production_stress,production,fargate_rds,AWS,active,mail,SNS alarm email deliveries,1000,notification,0.00002,0.020000,yes,The existing shared-email stack is adopted and persists outside UAT state.
production_stress,production,fargate_rds,AWS,active,mail,SNS feedback delivery to SQS,5000,notification,0,0.000000,yes,The existing shared-email stack is adopted and persists outside UAT state.
production_stress,production,fargate_rds,AWS,active,mail,SQS feedback queue requests,15000,request,0.0000004,0.006000,yes,The existing shared-email stack is adopted and persists outside UAT state.
production_stress,production,fargate_rds,AWS,active,mail,SQS empty feedback polls,0,request,0.0000004,0.000000,yes,The existing shared-email stack is adopted and persists outside UAT state.
production_stress,production,fargate_rds,AWS,retained,security,Customer-managed KMS keys during active period,3,key-month,1.00,3.000000,yes,One state key plus one retained secrets key per created environment.
production_stress,production,fargate_rds,AWS,retained,security,Rotated KMS key material,0,key-version-month,1.00,0.000000,yes,Zero for fresh Phase 10 keys; first and second future rotations add one billable version per retained key.
production_stress,production,fargate_rds,AWS,active,security,KMS requests,7300,request,0.000003,0.021900,yes,Placeholder request count; verify from the UAT bill.
production_stress,production,fargate_rds,AWS,retained,registry-and-state,Shared ECR image storage,40,GB-month,0.10,4.000000,yes,Peak storage is charged across the UAT active-plus-retained horizon or one production month; the bootstrap resource persists outside disposable UAT state.
production_stress,production,fargate_rds,AWS,retained,registry-and-state,OpenTofu state bucket storage,0.1,GB-month,0.025,0.002500,yes,Peak storage is charged across the UAT active-plus-retained horizon or one production month; the bootstrap resource persists outside disposable UAT state.
production_stress,production,fargate_rds,AWS,setup,registry-and-state,ECR in-Region image transfer,480,GB,0,0.000000,yes,A conservative image-volume proxy; pushes into ECR and pulls to Singapore ECS or EC2 are free.
production_stress,production,fargate_rds,AWS,setup,registry-and-state,ECR external image pulls,0,GB,0.12,0.000000,yes,Zero baseline: native smoke uses its locally built image. Any later external pull must replace this input.
production_stress,production,fargate_rds,GitHub,setup,build,Public image build time budget,960,minute,0,0.000000,yes,One combined public-repository build-and-smoke job budgeted at four images times the scenario minutes; standard GitHub-hosted runners are free.
production_stress,production,fargate_rds,GitHub,setup,build,Public smoke time budget,240,minute,0,0.000000,yes,One native smoke pass within the combined public-repository build-and-smoke job; standard GitHub-hosted runners are free.
production_stress,production,fargate_rds,GitHub,setup,build,Public Actions artifacts,33.6,GB-month,0,0.000000,yes,"Prior artifact count, size, and retention assumptions retained in the public repository at a zero gross charge."
production_stress,production,fargate_rds,GitHub,setup,build,Public Actions cache,10,GB-month,0,0.000000,yes,Public cache peak is at or below the separate 10 GB per-repository allowance; no paid cache extension is configured.
production_stress,production,fargate_rds,GitHub,setup,build,Private standard ARM64 runners,960,minute,0.005,4.800000,yes,Residual private-repository gross sensitivity before shared account minute and artifact allowances; no private OCI artifact copies or cache baseline.
production_stress,production,fargate_rds,GitHub,setup,build,Private Actions metadata artifact,0.056,GB-month,0.25,0.014000,yes,Residual private-repository gross sensitivity before shared account minute and artifact allowances; no private OCI artifact copies or cache baseline.
production_stress,production,fargate_rds,GitHub,conditional,approval,GitHub Enterprise Cloud user,1,user-month,21.00,21.000000,no,"Excluded unresolved purchase. Private required reviewers are unavailable on Free, Pro, and Team."
production_stress,production,fargate_rds,AWS,active,compute,Fargate ARM application vCPU,547.50,vCPU-hour,0.04045,22.146375,yes,Conditional redesign estimate; not a deployable form of the accepted contract.
production_stress,production,fargate_rds,AWS,active,compute,Fargate ARM application memory,1095.0,GB-hour,0.00442,4.839900,yes,Conditional redesign estimate; not a deployable form of the accepted contract.
production_stress,production,fargate_rds,AWS,active,network,Single-AZ NLB,730,nlb-hour,0.0252,18.396000,yes,Conditional redesign estimate; not a deployable form of the accepted contract.
production_stress,production,fargate_rds,AWS,active,network,One NLB capacity unit,730,NLCU-hour,0.006,4.380000,yes,Conditional redesign estimate; not a deployable form of the accepted contract.
production_stress,production,fargate_rds,AWS,active,network,Public IPv4 addresses,2190,IP-hour,0.005,10.950000,yes,Conditional redesign estimate; not a deployable form of the accepted contract.
production_stress,production,fargate_rds,AWS,active,network,Route 53 private discovery zone,1,hosted-zone-month,0.50,0.500000,yes,Conditional redesign estimate; not a deployable form of the accepted contract.
production_stress,production,fargate_rds,AWS,active,network,Route 53 discovery queries,100000000,query,0,0.000000,yes,Conditional redesign estimate; not a deployable form of the accepted contract.
production_stress,production,fargate_rds,AWS,restore-and-jobs,jobs,Fargate scheduled-job vCPU,64.45833333333333333333333332,vCPU-hour,0.04045,2.607340,yes,Per-run duration includes the task waiting through the nightly restore; each public task uses one ephemeral public IPv4 for that duration.
production_stress,production,fargate_rds,AWS,restore-and-jobs,jobs,Fargate scheduled-job memory,128.9166666666666666666666666,GB-hour,0.00442,0.569812,yes,Per-run duration includes the task waiting through the nightly restore; each public task uses one ephemeral public IPv4 for that duration.
production_stress,production,fargate_rds,AWS,restore-and-jobs,jobs,Fargate scheduled-job public IPv4,257.8333333333333333333333333,IP-hour,0.005,1.289167,yes,Per-run duration includes the task waiting through the nightly restore; each public task uses one ephemeral public IPv4 for that duration.
production_stress,production,fargate_rds,AWS,active,database,RDS PostgreSQL primary instance,730,instance-hour,0.051,37.230000,yes,Single-AZ db.t4g.micro UAT or db.t4g.small production.
production_stress,production,fargate_rds,AWS,active,database,RDS PostgreSQL gp3 storage,50,GB-month,0.138,6.900000,yes,20 GB UAT or 50 GB production with 30-day backup retention.
production_stress,production,fargate_rds,AWS,active,database,RDS surplus CPU credits,73,vCPU-hour,0.075,5.475000,yes,Explicit T4g unlimited-mode sensitivity; low and expected cases use zero because hosted CPU is unknown.
production_stress,production,fargate_rds,AWS,restore,database,Nightly RDS restore instance,120,instance-hour,0.051,6.120000,yes,Real same-class temporary restore every night; scenario duration ranges one to four hours.
production_stress,production,fargate_rds,AWS,restore,database,Nightly RDS restore storage,8.219178082191780821917808219,GB-month,0.138,1.134247,yes,Temporary same-size storage is prorated for restore runtime.
production_stress,production,fargate_rds,AWS,retained,database,RDS excess backup storage,50,GB-month,0.095,4.750000,yes,Scenario sensitivity because 30-day changed-block volume is not measured.
production_stress,production,fargate_rds,AWS,summary,summary,TOTAL_AWS,1,total,589.343341,589.343341,no,"Gross subtotal before allowances, discounts, credits, tax, and the conditional Enterprise license."
production_stress,production,fargate_rds,GitHub,summary,summary,TOTAL_GITHUB,1,total,4.814000,4.814000,no,"Gross subtotal before allowances, discounts, credits, tax, and the conditional Enterprise license."
production_stress,production,fargate_rds,All,summary,summary,TOTAL_GROSS,1,total,594.157341,594.157341,no,AWS plus gross GitHub usage; conditional Enterprise Cloud is excluded.
